0.98852235,1.4290773,0.7661283,0.69416106,0.5203904,-0.13656534,1.179493,0.5310113,0.7393328
1.3748562,0.9407079,-0.1532158,-0.9930338,-0.0938095,0.048470367,0.93245286,-1.2003917,0.76227266
1.2767309,1.1140424,1.0616775,0.1071148,-1.2755246,1.2143176,-1.2883153,0.6428637,0.3734482
-0.40955976,-0.63866496,1.4987385,-1.0019752,-0.3496527,-0.38683245,-1.2384828,-1.0077436,0.66623884
-1.5472091,1.4554203,1.3881731,0.19776364,-1.1771175,-0.69206464,0.5572066,-1.3754435,0.3133976
-0.5928329,-0.69193035,0.07575408,-1.1283005,-1.1345392,1.4034904,-1.1559227,-0.011682848,0.8110738
-0.9140443,0.36463317,1.0578492,-0.40936753,-0.092400126,-0.22781125,0.79090905,1.566207,0.7078984
-1.520287,-0.6848947,-1.3421721,-0.06416213,0.658914,-0.43646976,0.6909841,0.6034436,1.3820534
0.5072219,0.15938713,-0.57269406,0.15012918,-0.968757,0.35190102,0.53051645,-1.2710325,0.5816993
1.3167906,0.40550345,-1.1720326,-1.2550099,0.82339895,1.4531213,1.4456742,0.98498493,0.69166327
-0.89374393,-0.7553445,-0.4936139,0.76647246,1.2975855,0.5815356,-0.39663315,0.92413133,1.3362288
0.18729106,1.5267644,0.79794466,-0.01370162,-0.11674245,-0.42369348,-0.46324956,-1.5375123,0.7087132
-0.3125967,1.5518396,0.29959354,1.2249469,0.9756869,-0.1111467,-1.1132078,-0.47983935,0.96083355
-1.4666997,0.92533517,1.135114,-0.86238503,0.053289626,1.239775,0.8115947,1.1125126,0.44466132
-1.1364089,-0.28640902,1.3536181,-0.98440933,1.4657872,-0.9848509,1.5621538,1.1691233,0.54166764
-1.1388773,0.32198286,1.2942715,-1.5203317,-0.014662382,-1.0790448,0.05186686,-0.08492031,0.70276356
1.071649,-0.46009496,0.12656073,-1.116121,-0.22061507,0.25945255,0.6110489,0.09316508,0.8763139
-0.9732163,-0.75294906,-1.1486247,-0.6790781,0.68287903,-0.42178702,0.052156057,-0.27149332,1.4395849
-0.8862049,1.4521908,-1.3360204,0.45832145,-1.546524,-1.5077779,-0.4659034,-0.60349447,1.1308161
-0.048445128,1.0428761,0.5566706,-0.84029835,0.12022054,0.52202666,1.0220054,1.3690377,0.80691844
0.8214162,-0.62330484,0.2623031,1.3572831,1.2777357,1.230261,0.67222,0.82483,0.19120085
0.02963623,-0.96116966,-0.01611988,-0.22852983,0.3345851,1.3834965,-0.5652205,1.4480453,0.88313437
0.90791726,-1.0825695,0.19318444,-0.5671675,-1.3446653,0.3379227,-0.6307147,0.1499719,0.5311476
1.483061,-0.8009431,0.72579336,1.3061614,0.20783381,-0.5962178,0.6475703,-1.3951404,0.18245952
-0.47389045,-0.31494176,0.793993,0.93941987,1.3900435,1.3836217,-1.1449496,-1.3227533,0.2848942
0.3386784,1.5081826,0.6435381,0.9636755,-0.9301993,0.3350192,1.1526653,-1.4983575,0.6377207
-0.07508927,-0.6674401,0.21253537,-1.3042845,0.2428756,-1.332615,-0.2604371,0.7481351,0.1604754
0.5357599,-1.4686697,-0.39946577,-1.3103842,-0.41361585,-1.5680479,1.2476898,-0.26100296,0.8587104
-0.04909091,0.48397365,1.2979314,-1.0859357,-0.12927999,-0.5954555,0.9568811,-0.3874257,0.70193344
1.2876457,-0.6034697,-0.68092185,-0.015287625,0.38201988,-0.58085346,1.1600052,-0.041870173,1.0583007
-1.5267748,-1.1765218,-0.0022956615,1.539398,0.7473029,1.0226811,-0.2740342,0.31169426,0.7654125
-0.26463947,1.1822729,0.7031825,-0.656115,-0.9883144,-0.79395974,1.5146002,0.6069341,0.56194305
0.6675779,1.4683437,1.4951848,-0.17297494,1.1350222,-1.3847737,1.2636833,-0.34846956,0.7630787
-0.4722677,0.08452733,0.52247626,-0.40944022,0.4961257,1.5674906,0.9131223,1.4916826,0.60928184
-0.19899864,0.41775483,-0.7507453,1.3884816,-1.2159678,-1.4914938,-0.31044525,0.34924364,1.1576779
-1.2042868,-0.46453944,0.45648006,0.8745829,1.2319553,0.69520265,0.45318773,-0.24844682,0.43117774
0.324128,-0.91554356,1.2226079,0.58991474,0.60681814,-0.014780544,1.1824872,0.51896393,0.30849054
0.71387714,-0.5398986,0.27715704,0.04718876,-1.3296268,1.5187464,0.5923034,-1.3346283,0.6007596
-0.68952173,0.30238813,-0.60170716,1.0073104,1.5162795,-0.2091473,1.504756,-0.75572693,0.61903024
-1.2682947,1.1877828,-1.3483181,1.229402,0.8367918,-0.501682,1.1968229,-1.3755534,0.69504553
0.8207294,-0.35096622,1.4349834,0.019526927,0.14708345,1.0507692,0.072835416,-0.7413343,0.36338773
1.170678,-0.38658094,-0.7312005,-0.5553559,0.28985557,1.5466197,0.99976474,-0.008331739,0.6311676
1.2806956,-1.2507591,-0.29473013,-1.1157786,-0.48788762,0.11438982,-1.5310926,0.37682086,0.3688651
0.99810183,1.143856,-1.5003945,-0.8668339,-0.847751,-0.6080941,1.3239014,-0.06206029,0.47539723
0.14213188,-0.41085148,1.3201131,-0.20667166,-1.262496,-0.59739023,-0.1975807,1.1391584,0.6702338
1.0493591,0.8467658,0.88454163,1.5649079,-0.376163,0.86669487,-0.5241159,0.8780604,0.44538614
-1.4987565,-1.1500688,0.37958136,-1.3389533,1.4907198,0.5272748,-1.1960224,0.33777037,0.83370006
1.4485438,0.05007631,0.373456,0.063835,0.16928968,0.18615821,-0.39796516,1.4805266,0.6824322
0.91971207,-0.736872,-0.08517058,-0.13180298,-0.8996042,0.33983502,1.1114258,-1.2120844,0.5692181
-1.1004856,0.3690707,-0.29315814,-0.33396414,-0.03982868,1.3788791,-0.2727494,0.6354033,0.83638674
-0.45800003,-0.44340482,1.2909112,-0.03953368,-0.301614,0.7866374,-1.117438,-1.066256,0.46944445
-1.2907836,-0.16075458,-1.4901644,1.0853992,-1.4157765,-0.8082746,0.94688404,-0.4485444,0.52500695
1.2413431,0.13654085,1.4712672,1.0571879,-0.49977297,-1.4772536,-0.9190001,-1.0256952,0.5468409
-0.3122824,0.3801631,-0.029322542,-0.14018828,-0.61694974,-0.27782527,-1.4954323,-0.1274666,0.8610999
-1.3479445,0.4332878,-0.038989734,0.39322716,0.44147328,1.1609317,-0.59582365,1.1201282,1.0401213
-1.3442653,0.97474056,-0.585004,0.33904317,0.07031119,-1.1510158,0.23499781,0.52845615,1.0797595
0.41227734,-0.18502821,-0.07833049,0.2697068,1.5184776,0.92645633,0.26962364,-1.5687563,0.4117829
-0.64052504,-0.54578495,-0.00837083,-0.59562063,1.0091493,-1.362063,0.93624955,-1.4445349,0.97331756
1.0644327,1.148239,-0.7779396,-1.0456074,-0.03917845,0.35111377,0.4486214,0.5366009,0.85542274
-0.6153455,0.015670814,1.2720845,-0.80761904,-0.6945706,0.35686338,-0.8220192,1.431681,0.6338762
-0.34139204,-0.22508615,-0.7338022,-1.322946,1.1393193,-1.2985804,-0.34583127,-1.4093485,0.99553055
0.18172029,-0.4078272,1.4377717,1.2277389,-0.06456772,-1.2302092,-0.5994972,-1.2200319,0.30291066
1.11755,-0.24592052,0.6133922,-1.5094904,-0.9635722,-1.1921095,-0.20179638,-0.61699337,0.25467947
-0.07951503,0.07323931,-0.55839086,0.81665546,-1.5408282,0.8509424,0.28136855,-0.44426236,0.45633033
1.5178663,-0.8752009,0.05878677,0.31542885,-0.91797096,-1.4747263,-1.0228939,-0.8865801,0.7827474
-0.93579906,-0.74990726,-0.5701489,0.8768494,-0.38438222,1.3965594,0.4607575,-0.58494484,0.78879464
0.16475947,-0.042389143,-1.5605597,0.13223548,-1.3805494,0.4613826,0.61602837,-1.1619577,0.77374846
1.4826345,0.20588998,-0.28774875,-1.0879109,-1.2549367,-0.39918777,-1.0347427,0.18155342,0.35015693
-1.5206712,-0.2290021,0.49410748,1.5032084,1.1165966,1.5040921,-1.1286004,1.3546723,0.6838844
-0.08759575,-0.7723384,0.618014,-0.15645652,0.9618398,-0.07441486,0.8161278,-0.39058003,0.54343474
-0.34840605,-1.5464425,1.3566887,-1.2236358,0.9621143,-0.22512995,1.4081413,-1.4880365,0.42883113
1.0707935,0.60399556,0.14978178,-0.7026782,0.20861226,-0.16500752,0.70636594,1.4083205,0.6935599
-0.006579305,0.40492892,0.5737943,-0.58775574,0.546973,1.2919098,-0.703542,1.0721447,0.84627026
-0.20961414,-0.45200112,0.62293327,-0.1950551,-1.0076652,0.500507,-1.3333695,1.340131,0.6149969
-1.2139075,0.340743,0.6198744,-1.2140864,0.41077513,1.3421116,-0.41693315,-0.066971764,0.9109446
0.14628462,1.3074617,0.48398346,0.50319195,0.52013147,-1.3676248,1.3474272,1.3353149,0.8690275
-0.6062234,-1.5706812,-0.99985796,-0.17947435,0.49603534,-1.0190631,1.2338003,0.26165968,1.2854629
-0.8607215,0.5603657,1.5068043,-0.10775438,-0.5758761,-1.173629,-0.14375207,0.29385045,0.7693598
0.19088751,-1.5688899,-0.96481055,-0.6546388,0.061735902,-0.10273006,1.0357287,0.10682513,1.129286
-0.5062357,-0.5445088,0.15313561,1.5312825,0.50294274,0.73543274,0.4129065,-0.5259746,0.27181333
-0.8328702,-1.3782725,1.3677496,-0.5673708,-0.46321362,-1.4566696,-0.17428096,0.27367494,0.7462831
1.4901083,-1.2296343,-1.3148122,1.3404552,-1.489699,1.3818086,-0.24809174,0.036882225,0.7713921
0.09041323,0.9433324,-0.024445256,-1.214624,1.4872334,-0.4323315,0.19126973,1.1071662,0.96871316
0.9209084,0.17069758,0.8209866,-1.247024,-1.5592242,0.5009293,-0.8696853,-1.504489,0.36680862
-0.18197672,0.2169235,-0.52841127,-0.9739034,-0.35806736,1.5351379,-0.68815184,-0.060155127,0.9094153
-0.20741563,-1.278281,0.05487536,0.028073069,-0.6088869,-0.8521742,-0.57601917,-0.018896336,0.94801503
0.48788145,-1.4711442,0.92489696,0.10302235,0.65442055,1.0623044,-0.068707824,-0.020806562,0.44813743
-1.2326254,1.040727,-0.75032276,-1.2372023,0.8962406,-1.5328864,-0.5236147,1.1966954,0.35929474
0.26037195,-1.4435474,0.7285269,-0.11496448,-0.013870498,-0.29049268,1.5286305,0.07934252,0.60262674
1.0812696,-0.84443974,-0.5054922,-0.72375304,-0.63814735,-1.1437024,-0.13681409,-1.0530368,0.72390276
-1.3585405,-1.3652321,1.1676363,-0.6538769,0.24741983,-0.07214191,-0.22032093,-1.240964,0.7104122
-1.3413063,-0.34152314,-1.1896642,-0.1266206,-1.093473,-0.5464481,0.9348769,-1.176907,0.67280805
1.0783571,1.0676558,-0.030209258,1.2129664,-0.094074324,-1.3276714,-0.11938274,0.9390685,0.82344276
-0.41295683,1.2717242,0.28082708,1.5528398,0.19510248,0.27036557,1.0802449,0.7513637,0.4079647
-0.6119158,1.5492904,1.5229454,0.3861315,0.1613233,-1.4887899,-1.3817223,0.49006987,0.59730643
1.3402253,-0.60359865,0.5860663,0.76545334,0.26559165,1.3474092,-0.8103366,0.537275,0.7106622
1.4922259,0.78096825,-0.0024640567,-0.67403066,-1.1939265,0.39124802,-0.89102405,-1.5107766,0.4680317
1.2936248,-0.15678991,-0.3830158,-0.38980547,0.43868756,-0.5939023,0.99757797,-0.20053221,1.0494541
-1.5346055,1.0672581,0.8132441,-1.2133219,1.1314898,-1.0933952,-0.8162078,1.078026,0.417067
0.5262275,-0.47038227,0.4576619,-1.1807775,0.039379537,0.50015825,-0.25315338,-1.4179555,0.60147935
0.14118013,0.31829318,0.14724945,0.1513169,-0.80630994,-0.6835486,0.1244309,1.1558926,0.7977042
-0.7597776,0.43017325,-0.2751096,1.2859854,-1.1573515,0.85022,1.0888312,-0.24761872,0.6149761
-1.2215639,0.22744854,0.3262487,1.0024213,-1.5081494,-0.4892355,0.095984966,-1.5317904,0.32105532
-0.17922631,0.57696104,-0.56983125,-0.17965032,-0.10309767,-0.42615768,0.2422251,1.1327308,0.8554692
0.7346185,-0.7790394,-1.4818192,-0.54102105,-0.860843,-1.0955867,-1.5402977,-0.30775595,1.0613596
-0.039914247,0.47087717,-0.65390587,0.5205575,1.4789906,1.330974,0.79829204,0.8796672,0.6796905
-0.35511646,-0.65518415,-0.7194603,0.77575856,1.3480246,0.20069622,-1.4262577,-1.4923754,1.1464483
0.15530054,1.5087259,0.33343774,0.13616216,-1.0309951,-1.1934524,0.7720651,-0.68573093,0.5912703
-0.83398074,-1.4034106,1.2389495,-1.0775843,-0.9754732,1.3378545,0.60725445,0.48975685,0.52059877
-1.0653687,-0.8289741,-0.4796151,0.39792556,0.34395453,-0.045218617,-0.43494043,-0.39960518,1.260771
0.45301914,-1.1990626,0.64916945,0.7301097,-0.32714373,-1.4238174,-0.53068626,-0.69839376,0.8304487
0.78782254,0.2587387,-1.4639059,-0.48785758,-1.0251096,0.8589298,0.60878265,-0.22681049,0.6868048
1.0944134,-0.03166186,0.42567277,-0.6979159,-0.54266214,1.4257723,-1.2960795,0.021693146,0.7241607
0.09453983,-1.1935469,-1.0888739,-1.378615,0.7409224,-1.3002266,1.4600354,0.7812709,1.2046167
-1.3548139,1.159576,-0.47056013,0.40623468,0.6380145,-0.36121523,0.41899064,-0.66379905,0.8794973
-0.78241056,0.8437752,0.44910726,-0.69037503,0.46284494,-1.289375,-0.8462724,0.74360204,0.48967114
1.4996967,-0.9892486,1.2250922,1.294833,-0.85062075,0.18400985,0.86119044,1.3218479,0.41942385
0.8288037,0.56904507,-0.6844191,0.10328733,1.020312,-1.1593091,0.60631806,0.9379574,1.0360063
0.910801,-1.3350877,0.84018475,-1.4402865,0.74778837,-1.0664316,1.4596008,1.3221982,0.5692097
-0.7255039,-1.5183048,1.2028949,-1.1822667,1.4762694,-0.16325423,-0.2623509,1.4069097,0.5308747
-0.90670353,-0.42528862,0.66935354,0.49486822,-0.32738322,1.0669347,0.5524288,1.4833302,0.46325696
-1.5260406,-1.5254449,0.16818182,-0.97491455,0.25447008,-1.5131409,-0.50256455,0.91108525,0.36086556
0.54689085,-0.5111657,-0.60635436,0.17261042,-1.296714,-0.6946366,0.25607258,-1.4296267,0.38590464
0.7583552,-0.8863391,-0.9745646,-0.46765056,-0.33796325,1.2424399,0.004675162,-0.029376019,0.8984728
-0.435699,0.8513177,-0.46674603,0.3117289,0.10870988,-0.41959006,0.7262989,-0.94655126,0.83327264
-0.06761851,-1.1098343,0.08045499,-1.5134861,-0.23962706,0.050377917,0.41312152,-0.20398422,0.9430906
1.3914129,-0.6509707,1.3765827,1.4664448,1.4382086,1.2474127,-0.6453185,0.31339332,0.59378827
0.41392583,0.48044887,1.2772665,-0.3802122,0.88060504,-1.1187145,1.0453008,1.2483468,0.70291716
-0.98287755,-0.56679136,-0.7052564,0.13110913,-0.5812626,0.83306324,1.3363084,-1.0871774,0.93795615
-0.93485826,-0.057727925,1.1076137,1.5477107,-0.26825574,0.7692389,-0.42961475,1.4456106,0.37921026
-1.4346505,0.6443521,0.45160925,-1.1956052,-0.7673393,-0.41281778,-0.2518315,-0.6425231,0.5519496
-1.0638798,-0.80271304,-1.4336536,-1.1429158,0.015399535,-0.023231035,-0.545308,-1.3655863,1.1536103
-1.2939695,1.4310615,-0.8797907,-0.6753425,-0.39297855,-0.9232061,0.8992214,-0.96982014,0.85895735
-0.8688925,1.1639267,0.7402132,1.0495958,0.24963617,0.68987995,1.3265696,0.42482227,0.24931774
-0.48951703,-1.5065054,1.0180068,-0.30804226,1.143735,1.0221503,-1.5706431,1.1505687,0.773243
-0.31014717,-0.7759573,-1.3147306,0.6487841,0.4783715,-0.4189984,0.89165497,-1.3408428,0.76947993
-0.93199503,0.6430045,-1.0821711,-1.3940877,1.0281724,0.5417098,1.0254785,-0.7749231,0.8367855
-1.5686533,-0.05934994,1.1173809,-0.55608284,0.21589361,1.4157337,0.93719375,0.34750107,0.4172036
1.1376895,0.26686528,-0.8462775,0.16588071,-1.0826472,0.68993634,1.2896444,0.7135413,0.69675946
-0.06187629,-1.4460721,0.11742359,0.058497176,-0.113965,1.5387348,0.9520407,-0.74004614,0.37499377
0.78222734,-1.3503807,0.22300379,-0.80167407,1.1184909,-0.55759895,1.27485,0.054732494,0.9574731
-0.13572983,0.9205394,-0.3022838,-1.473686,1.2916408,1.5413537,-0.33986914,0.9934658,1.1115446
-1.2352693,0.5843001,0.15984748,-0.18689829,0.679601,-1.451739,0.72413105,-0.33262435,1.0546203
-1.0168304,-1.192246,-0.20954262,1.1600502,-1.074423,0.08347071,-0.8259127,-0.33756334,0.737598
1.4769628,0.9542083,0.49815252,-0.9266797,0.69763297,1.4124893,0.17238607,-1.4580256,0.43533605
-1.5404118,1.3251342,-0.9449513,-1.4832206,0.8032644,-0.6196781,0.29622653,0.8363889,0.91064453
-0.33345953,0.30340308,0.08064133,-0.9503211,-1.232325,-0.60552555,-1.217189,-0.20228784,0.62603414
-0.04097061,-0.4107422,-1.4925961,1.1991901,-0.5905025,1.3390167,1.1452307,0.24294423,1.0533408
-0.063963294,0.19828987,0.06715684,-1.0268893,-0.855313,-0.6742196,0.3635232,1.1307677,0.5512404
1.4772631,0.97252846,0.8099969,-0.9135972,-0.6171631,0.037496544,1.4197421,0.65369415,0.622403
-1.2716537,0.11846831,1.0389267,-0.9028245,-1.1266344,-1.1804779,0.7951259,-0.6141934,0.70775133
0.55781114,-1.2875522,1.5170006,-0.78539276,0.3499438,-1.0923489,0.73013157,0.21797097,0.6779534
-0.44852236,-0.43070477,1.374107,-0.21014804,-0.8982847,0.8914165,-0.29298007,-1.2991798,0.25492662
0.7556183,-0.06633739,-0.9407415,-1.5303313,-1.1031517,1.0640647,-1.3633372,-1.2169359,0.5351814
-0.6736128,-0.4713971,0.58522564,1.1201857,-0.42377454,0.5076383,0.309614,0.5769275,0.23946401
1.0726151,0.12190288,0.8505502,1.0684823,-0.9053497,-0.9353017,0.7547196,-0.7265371,0.33429182
-0.099507906,0.5552673,0.22899534,-0.12875575,0.13404971,-0.09914917,1.135619,-1.0562414,0.39012814
-1.4814281,-0.20281775,-0.4800057,-0.15340093,-1.1981034,-0.6840206,-0.49930486,0.0021164145,0.87439305
0.18335402,0.7144454,-1.239397,0.96385896,-1.2782544,-0.7724707,0.4547879,-0.3951762,0.26417705
-1.3046317,1.0535189,-0.9674358,-1.1926455,-0.4829562,-0.81906223,-1.377639,-0.7026692,0.7022769
-0.60560465,-0.9687746,0.23422658,-1.4786942,0.22926576,1.1004663,0.35935518,0.67168593,1.0989563
0.7988045,-0.7537172,1.447995,0.58489126,0.30494195,-0.5354819,0.33230084,-1.3219078,0.25878125
0.7148977,1.5695229,-1.3784324,0.8191138,-0.08527517,0.15539055,1.3287927,-0.013990273,0.85555637
1.4451627,0.54672796,1.1961414,-0.6352514,-0.6520717,0.6664632,-0.059494644,-1.4226038,0.3971516
-0.34532526,0.011310842,-0.84048504,0.5864836,-1.0067639,-0.6167652,0.6582779,-1.4469689,0.42273933
-0.4815806,1.3793447,-1.2263676,1.4401671,-1.1568543,0.80642456,-0.5923298,-1.4197336,0.60520023
0.50685465,-0.68653244,-0.76693535,0.7548057,0.28591394,-0.5552763,0.4762478,1.480187,0.97200227
-1.4920511,1.4358218,1.1641335,1.2634053,1.1182567,-0.7404761,-1.4058433,-0.5143379,0.6444326
-1.2671402,0.52242696,-1.4369375,0.97283995,0.04853036,1.309099,0.8603798,-1.1147068,0.95446116
1.1809424,-0.40282747,1.081524,-1.4080825,0.7744699,0.3901447,-0.7561271,-0.11502195,0.59601915
0.43634808,0.9822091,1.0484684,-0.13826253,-1.3287026,-0.34071064,-0.952603,0.088429265,0.76178855
0.17306294,-1.0006346,1.1477195,-0.73577815,0.19956627,0.034717847,0.42704096,-0.5383237,0.5584374
1.4846835,1.3664641,-0.8857709,-0.2556604,-1.4904467,0.8096477,0.30833977,-1.3759199,0.95944417
1.0613008,-0.72093076,1.049416,-0.06399753,0.24963412,-1.5544716,-0.21968596,1.4713796,0.42173418
1.0836986,1.0067941,-1.2804221,0.06205577,-0.92259365,0.83065903,-0.97572595,-1.1015158,0.41251925
0.79439545,1.5347409,-0.25815976,-0.29459617,-0.72978544,1.5673302,-0.39428508,0.8380451,0.6714158
-0.45258176,-0.1538344,0.037669323,0.7314655,0.5067023,0.21433379,-1.096417,-0.4766307,1.0150054
0.1201063,-0.6435332,-0.619339,-0.6691429,-1.4038378,-1.0524837,-1.2536484,1.5039327,0.96105856
-0.00060873554,1.5057111,-0.1260597,-1.4414887,0.9387716,1.196603,1.4428551,-0.80800116,0.4454791
-1.283781,0.39835888,1.5240498,-1.2694497,-1.0817235,0.7859702,-0.037888166,-0.12002677,0.46501514
-1.367749,1.2419547,1.0643598,0.7584775,-0.39514315,-1.4313449,1.3989989,-0.7035868,0.27002147
1.0703086,-1.1731253,1.2150388,-1.2230235,-1.2377903,-0.09917925,-0.61391157,1.2990893,0.4314732
-0.11000927,-0.5417612,1.4157231,-0.4068855,0.29169437,1.4081099,-0.039524823,-0.7415093,0.26155084
0.4662681,0.08529331,0.4876706,0.7006383,0.89878815,1.4840173,1.1651069,0.44423068,0.19861439
1.1152256,1.0162,-0.12076268,0.14616911,1.3641917,0.66967195,1.4993923,0.1261984,0.3023236
-0.93965,-0.30360514,0.7507534,-0.5858256,1.480725,-0.7997981,1.0043743,0.19240083,0.7446562
0.3898679,-0.5894856,1.3830793,1.4531668,-1.4645745,0.1813722,-0.3112073,0.759265,0.47202381
-0.7916931,-1.4359527,0.41078308,0.51215786,0.9300572,-1.5172758,-1.2154961,-0.7643928,0.8660537
0.84449923,0.52512676,0.6918853,1.2221465,-0.1731543,1.1720076,1.1520681,-1.0308464,0.5358675
0.11180346,-0.83086646,-0.060067683,-0.75626206,0.4367491,-0.32259497,-1.4260471,-1.4038799,0.83022934
-1.3045301,0.13963081,0.1540795,-0.19446348,0.7380761,0.3503393,0.8007792,-0.56799227,0.7758472
-0.7195449,0.74376243,0.8225834,-0.08413479,0.30384195,-0.69995326,-1.2191262,-1.1468776,0.75489473
-0.56885594,-1.3067533,1.3947482,-0.3495381,-1.1639783,1.5581838,-0.555186,-1.0634711,0.36752316
1.5181723,-0.6084332,-0.5283569,-0.19777498,0.9914021,-1.2585967,-0.08868121,-0.6231324,0.9102405
-0.41422272,-0.23439503,-0.39798436,-0.032147784,-0.5756663,-0.08235946,-1.2141981,0.11060343,0.97041
0.58401793,1.5230983,-0.4294634,0.49143606,0.16263913,-1.3443872,0.8405563,-1.177177,0.8287742
-1.3946043,-1.399816,-1.4709815,-0.42648223,-0.38307825,0.013555138,1.253271,0.96412045,0.9227561
1.3259454,0.6763823,-0.6291086,0.07052985,-0.2534717,0.13619302,0.2986816,-0.47248748,0.76102793
1.2202625,0.6931212,0.797575,0.41911823,0.3731552,1.5022732,-0.8755574,0.54416126,0.59345174
-1.4942585,-0.5237832,-0.42742047,0.444453,-0.4606527,0.026010986,0.15373687,-1.2230506,0.7287382
-1.0039724,1.0561588,1.426278,-0.5883597,-0.6023093,1.29886,-1.2998877,-0.56141627,0.4659875
0.8949971,0.99192816,0.99592805,-0.29164934,1.4330473,0.1001401,-1.4097888,1.0634207,0.5496668
0.8399326,1.180155,-0.54333967,-1.1832228,-1.4350212,0.032791063,0.01661801,0.32223025,0.3321766
0.09705108,1.2885298,-0.9048772,0.6219732,0.087361485,0.18130884,-1.4573528,0.5830313,0.9879428
0.10418962,-0.38679463,0.8597194,-0.8150538,1.5646415,1.0759406,1.4898154,-1.20407,0.57628787
-0.6407597,-1.1762539,-1.2902493,-1.3396044,1.0467741,0.23412202,-1.0295182,1.269692,1.0714481
-0.10209341,1.3215868,-0.69550973,0.87852377,-1.039675,-1.2635906,0.6002016,-1.4933048,0.40845346
1.058689,-0.5776308,-0.45324963,-1.5626386,-0.9768843,1.5597441,0.0014737488,0.13297948,0.97284454
0.6792585,-1.0096987,1.0539191,0.4665092,0.9652936,0.33660537,1.0492702,-1.4136554,0.38498685
-1.5184422,0.46194753,-0.9371569,0.87469524,-0.8570867,0.6584351,0.06922658,-1.1818863,0.69807804
1.5120523,1.5084885,0.01620603,-0.5013868,1.479297,-1.5171967,-0.7190079,-0.9039145,0.6439215
-1.179061,-0.33137104,0.63696116,-0.76533735,-1.208945,-0.68782777,0.9466465,1.4881094,0.5196135
-1.4135208,0.95967907,0.95210963,-0.31734794,-1.1195328,1.5700423,-1.0774512,0.82783896,0.61974156
-1.500773,-1.4125215,-0.27338037,-1.4619474,-0.9099795,-0.28614905,-0.4322043,-0.7091729,0.74373966
-1.1021475,1.4061918,0.7811222,-1.5032606,-0.24407874,-1.0233729,-0.3680986,-0.7935318,0.58148015
0.4968339,-1.4121677,-1.5271703,1.3997654,-0.06380846,-1.2364131,0.00949221,-0.9561551,1.0100915
1.2533088,-0.8955749,0.13998935,1.2523415,-0.041076,-1.2712948,-1.2119226,-0.37163687,0.8507235
0.35808274,0.9951531,1.3488919,-1.4737222,0.9965911,0.26769322,0.8394223,-1.3936694,0.47690344
-0.3214891,-0.2874035,-0.9426959,0.9060087,0.12835602,1.3540821,0.8060303,0.2693276,0.60453314
1.4146512,0.34583232,0.29681665,0.10547755,1.2307165,-1.0286884,0.75589824,1.0544306,0.7574985
0.70478666,-0.2656462,0.54489267,1.2558826,0.34126574,0.44671974,-1.1956756,0.2325903,0.6506317
0.15053602,0.69554156,0.58864874,0.43491408,0.20391576,-1.360097,0.38963702,0.495869,0.801859
1.2741872,-0.031447887,-0.12195007,1.0206265,-1.5402513,0.1324861,-1.0171556,-0.017648341,0.6845557
1.2500986,-0.31250188,0.899938,-1.1060601,-0.70988667,-0.574215,0.5216063,1.1572778,0.4123355
0.7582327,0.5523855,0.09579017,-0.0480207,-0.22616352,-0.68882513,-0.92667246,1.0196505,0.54897976
1.2342072,-1.3062146,1.2006884,0.396172,-0.7216982,-1.1462611,1.2600015,0.3238073,0.59862375
-0.70934284,0.5415638,-0.2922164,-1.4022465,1.5595775,0.47251207,-0.24240527,1.481021,0.83378595
1.0991732,-0.8320195,0.9186354,0.7989939,0.37113264,0.20063841,-0.48461518,1.5374314,0.50995755
-0.84469575,-1.0778942,1.0968057,-0.6590447,-0.16470417,1.1243885,-0.48811552,-1.4579583,0.48517692
-0.435224,-0.942872,-0.75559914,-1.2258308,-0.43450204,-0.96068394,-0.56320304,0.7727336,0.7233391
-0.3524913,0.38155514,0.77560836,-1.1356205,-1.0772684,1.2299953,1.0565399,-0.1486491,0.5042119
-1.4230913,-1.3583004,-0.027022362,-1.0832291,-1.0928566,-1.5676174,-0.05742784,0.41299438,0.62206954
0.5272941,-1.0953583,0.790822,-0.1666599,-0.2565319,0.67620164,-0.6006834,1.4181386,0.6797379
0.9464679,0.2047484,0.28096446,-0.43965304,1.2502307,-0.12370546,0.74245703,-1.1843426,0.7326655
0.9491763,-0.645819,0.9869145,0.9681799,-1.2852323,1.3619931,1.1655943,-0.9553454,0.5224347
-0.435127,-0.93719983,0.025327027,-0.975207,0.8960012,0.11599045,1.4968175,0.48783693,0.9973635
1.5679537,0.6489308,-0.76152235,1.1593328,1.1398511,0.62786436,-0.67560655,0.5380735,1.1250895
-0.4584692,-1.3867704,0.37725386,-0.8910802,-0.5925369,-1.4122301,1.525443,0.37952396,0.88491076
0.39513904,-0.49229303,-0.5777361,0.07263751,1.4307783,0.10618696,0.17675371,0.10272315,1.1014618
0.6724483,-0.050652687,-1.3898911,0.7601321,-0.4328517,-0.17580502,-1.5555351,0.62383205,1.0235136
0.6845067,1.1447161,-0.10267515,-0.3184014,1.0541954,-1.0546092,-1.3846074,-0.58100957,0.5739592
-0.90129995,1.0595874,-0.29362056,0.5920262,1.4418265,-0.008351032,-0.4746949,1.416493,1.0471418
-0.25423408,-0.5748776,0.24787313,1.5400587,1.4973396,-0.43769667,0.15774988,0.19757193,0.90126485
-1.5542098,-1.0634092,1.1147147,0.7090462,-0.742018,-1.1052349,0.94590753,0.3982581,0.8329118
0.84033775,-0.18954878,0.8997055,0.4886446,-0.9337574,0.25702444,-0.4355815,1.5619195,0.53692985
0.7613536,1.296992,-1.5105997,0.10150255,-0.8379293,-1.0544446,-0.47884986,-1.2897514,0.68698406
1.4624732,-0.6772428,-0.12176469,1.4462959,-1.2072233,-1.4133124,-1.2547941,-1.0040472,0.96511704
0.46877515,-1.4162081,0.78667736,0.24550556,-0.5152815,-1.3614264,0.62640244,1.1786561,0.7200271
-0.33699214,-0.3057108,1.1488725,-0.9631861,1.1984473,1.4813905,1.2334231,-1.08538,0.53714055
-0.6593336,-0.67080915,-1.5134891,-0.14059684,0.06744235,0.69825417,-1.071721,-1.5217532,0.92762613
0.40574306,1.4481678,-1.2820107,-1.04308,0.32369736,-0.42033827,0.20527877,-1.182521,0.8922799
-0.35815194,0.43427423,0.8653557,0.7791294,-1.094804,0.49058568,1.3057184,0.38622046,0.24526012
-0.6216668,0.97014076,-0.9133684,0.35417092,-0.3227145,-1.5697653,1.3125694,-0.14125375,0.8805883
0.70024306,-1.3566605,1.0399945,0.8124401,0.052427065,1.3861428,0.78216493,0.6983749,0.41845274
-1.0121005,1.5052304,-0.23849775,1.224786,-1.0382675,-0.08528144,0.7935664,1.3825105,0.4755382
1.1099521,-1.4745414,-0.28712872,-0.6266414,0.58745503,-0.27437502,0.97650164,-0.54433423,1.0791684
0.6034268,-0.2590265,0.24702883,1.4876124,1.2930652,0.28397354,-0.14441565,1.1198639,0.7199702
-0.33881947,-1.4904684,-0.08500233,-1.5395217,0.57949626,0.9771988,1.5440493,0.77859324,0.9472182
-0.9674437,-0.8614243,0.3612695,0.11736043,-1.3593886,0.7593858,-0.4327102,-0.57501745,0.5140841
1.237248,-1.3447895,0.47862008,-1.5550536,-0.83663875,-1.557548,1.0275131,-0.7890794,0.4541986
-1.4927408,1.1209052,-0.15391968,-1.4010282,0.68058145,0.0588193,-0.6971925,0.847311,0.7376873
0.20163457,1.0370009,-0.43724167,-0.4103651,-1.3700138,-0.9802034,-1.4438094,0.10162277,1.0693738
0.52025014,0.6143499,0.12836961,0.9473436,1.4387579,0.09132208,0.10332946,-0.9298535,0.63580525
1.0943356,-0.7529747,0.6389148,-0.7154909,0.5882414,0.24015911,0.6068613,1.5475273,0.5702164
-1.1414729,1.176495,-0.55679804,-1.5372638,-0.47331908,1.030657,-0.4371226,1.442674,0.7304963
-0.39333934,0.4689434,0.8163984,0.07456169,1.3967507,1.3618664,0.84905595,-1.1361469,0.44784632
1.4194627,-1.1981075,0.9356939,-0.6349484,0.29664636,-1.5602453,0.5153738,-1.069141,0.6650686
0.5774499,-1.1445423,-0.033560522,-0.7385264,-1.3166676,0.9030812,-0.3598199,1.2613034,0.4156305
0.4608863,-0.10317278,-0.7999927,-0.4264565,0.8740023,1.2842777,-1.3820862,-0.49962807,1.1301818
-1.091574,1.4084857,1.4087127,-0.07103546,-0.8815783,-1.3006763,0.8379336,0.063482,0.7125489
0.3348954,-0.5651555,-0.73278743,0.53802794,0.38271794,-0.0003690818,0.8159438,-1.2222341,0.6720807
0.8875759,0.2857291,0.69110364,-0.49647337,0.21396361,-0.8586263,-0.1257504,1.5183061,0.52287537
-0.6506536,-0.44508103,1.4964446,-1.1958427,-0.8778404,0.99530226,0.7346087,0.43024513,0.32377273
-0.28558537,0.38995516,-1.5314417,1.5017852,-1.3878078,1.4548169,0.17496485,-0.37558097,1.0675247
0.96398956,0.32038465,-0.68709016,1.3672225,-0.22595106,-0.23475781,-0.2655065,-1.1331692,0.50636935
-0.9668016,-0.70330805,-0.7793478,0.0033145854,-1.0647539,-0.25274798,0.328363,0.9348798,0.85179913
0.19640242,0.26090586,-0.75109386,-0.19334021,-0.37033293,-1.304515,1.361277,-0.4788889,0.79202235
0.14275503,-1.05247,-1.0124571,0.52637017,0.40177834,0.5935818,-1.3446383,1.1112235,1.1633672
-0.8114584,0.4042165,-0.42373282,1.0830986,-0.59636253,-1.3094943,0.7770594,0.08322835,0.82734144
0.65318775,-0.6976647,-0.98809683,0.06945389,0.6227629,0.29613474,0.8905277,-1.2683645,0.65598166
0.06133042,-0.92937833,-0.32179916,-1.0071819,0.5714482,0.589627,1.4498811,-1.4503657,0.37676215
-0.22499527,-1.3463745,0.033225592,0.809906,0.35969013,0.9306638,0.23843949,-1.3850577,0.3305032
-0.2791629,0.5357052,-0.2179048,0.7719221,0.2164391,-0.46510795,0.52083397,0.029274488,0.93646395
0.045335528,-1.5175796,0.39337465,0.511308,0.35742295,0.22702244,-1.3545264,0.84720874,0.9177549
0.6250418,-0.91919667,0.4942625,1.3707577,0.09549596,0.79807353,1.3749555,-0.47516397,0.57189685
-1.0535738,-1.0661968,0.89865917,0.030350503,1.4771893,-1.3684989,1.1588825,-1.225702,0.6255134
0.22607416,-1.1059103,0.5684789,0.4328758,1.372101,-0.17821115,1.0717567,-0.9432914,0.4031803
0.3328522,-0.324227,0.56347746,1.4860266,-0.4684505,-0.36796388,-0.74320495,0.3010019,0.76728624
-0.24881202,-0.30545875,-0.1373537,1.2254497,0.35764155,-1.2657309,1.1008058,-1.1431024,0.6493306
-0.38898358,0.58647263,1.0816677,-1.2339087,-0.36246708,-0.5539354,-0.27387282,-1.1324326,0.6116269
-0.5465727,0.95834,-0.821228,0.89771926,1.3800172,-0.51652396,-0.6034661,-0.18955563,1.1923939
0.8841252,0.84454614,1.5035408,-0.8826461,-0.04272332,-1.4103014,0.060337536,-0.34728,0.6102315
1.2443935,-1.428891,0.2893767,0.14796594,1.258712,-1.516471,-1.0873289,0.2752937,0.6784786
0.48763204,1.3347926,-0.06018403,0.38742933,-0.4343078,-0.061632484,-0.38057643,0.27240542,0.7298969
-0.8020014,-0.26244265,1.0465035,-0.31520724,-1.0041701,0.89019847,-1.1883147,1.3390087,0.649022
0.8898085,0.17218532,-0.6116781,-0.40014854,-0.5914274,0.7165123,-0.15509409,-1.4395182,0.6106591
-0.955025,0.495526,-0.23600405,1.0955254,-1.332179,0.8461982,-0.8893611,-0.77779216,0.23634224
-0.22988062,0.6549879,-1.510665,-1.1384743,0.93756545,-0.39963976,0.59378964,-0.6967355,1.2540745
0.8799601,1.1997118,1.4177421,0.9671253,0.8479728,-1.1712424,-0.44305494,-0.16971938,0.65716004
0.8092988,1.5697161,1.4494559,-0.9923222,1.5697415,0.9311219,-0.1047408,0.93753606,0.61174995
-0.450884,0.55446,0.38849503,-0.1279121,-0.48169535,-1.3804694,-0.80898356,1.2825985,0.5420703
-1.0085657,-1.347962,-0.53265446,-0.22643492,0.92406714,1.3617185,0.0012719246,1.1849738,1.2079302
0.370173,0.3477267,0.9621732,-1.0484545,-0.29404643,-0.78396183,1.5640174,0.33003557,0.67590696
-1.227951,1.0619498,0.1865332,-1.1077242,0.07142055,0.49817184,1.2339245,-1.2846553,0.4056756
1.5279855,-0.23869874,-1.3752463,0.5945597,1.5288469,0.9086256,-0.35689282,-1.2503926,0.834351
0.022974055,-1.0714748,-0.88033646,1.1532747,1.3497381,-1.0748819,0.85289747,-0.82606506,1.0504133
-0.8786467,-0.6184449,-0.7156002,-1.062072,-0.6905143,0.19180848,-1.2374138,0.07454391,0.8555813
1.5590866,1.0311866,-0.15932414,-0.71729,-0.11944257,0.5432445,-0.27064756,-0.56526184,0.84553665
-0.398719,0.45210367,-1.0039582,-0.08161331,-0.5408394,-1.4966749,-0.9243212,-0.17571633,1.005631
0.09505712,-0.40986958,0.09939875,-1.3956684,-0.816337,-0.35646296,-0.1662963,1.4194514,0.4146247
0.6096627,-1.4735686,0.44103515,0.7831625,1.567836,0.7802043,-0.69652444,0.83131987,0.8885812
1.02928,-0.31240928,-0.24116234,-0.48752758,-1.1104684,0.15485977,-0.22037886,-0.7788763,0.610505
-0.34922364,-0.12012496,-1.5095946,1.1832232,-1.1875772,0.87187755,1.1480098,0.025056995,1.0917242
1.0636204,0.63304466,0.9410434,-0.5282988,-0.8474156,0.007895424,1.1131284,-0.15306088,0.50953203
0.85098076,-1.240493,-1.2476571,-1.340931,-0.4161375,0.7014288,-0.549535,-0.0038783825,0.9223118
0.6375611,1.427132,-0.57935774,0.62057656,0.7199011,-0.8668164,-0.7108988,-1.2522284,1.0703437
-1.4181465,0.13831446,0.48175514,-0.5362092,1.0479896,-1.0637541,0.27682185,0.06634386,0.8858083
1.1809388,-0.3176662,0.25984803,-0.55322814,-0.6703719,1.3632518,-1.0444591,0.92471415,0.60018003
-0.038009275,-0.6612797,1.3895615,-1.2182542,0.094498105,1.3725855,-0.18289733,0.5078068,0.44175458
0.22945379,0.6427634,-0.06421383,0.651201,0.005071247,1.5472636,1.121693,-0.05176305,0.43454292
0.6346174,-1.0936861,0.15145577,-0.7366953,0.009921027,-1.3245924,-1.5114441,0.48277906,0.18615353
-0.93040997,-0.49837887,0.3347864,0.64159817,1.1550204,-0.5633556,-0.19878735,-0.4837384,1.0361829
1.0123922,-0.25628033,-1.2195989,1.0331453,1.0447711,-0.17611404,-0.33044022,-0.085257314,1.1955001
1.5204612,-0.16958937,-0.9419046,1.5123168,-0.3027943,1.5099502,1.2513115,0.34825414,0.91844654
0.5473268,-1.28331,-0.5082336,-0.96633625,-0.23213091,0.5730623,-0.49453646,1.1969091,0.8519361
-1.4432462,-0.9166419,-1.1157864,1.1519784,-0.88926876,-0.15095441,1.4506975,0.80091375,0.6544708
-0.061884582,-0.07903014,0.69730514,-0.079285964,-0.9695347,1.0748295,1.5349959,1.504569,0.20367739
0.36567974,0.99823296,-1.1173459,0.49942976,-1.3853651,-0.17087819,-0.8053466,1.2219367,1.0503412
0.57901055,0.44902188,0.36459026,-1.1193417,0.8321488,-0.8183616,0.64476097,-1.262211,0.8247549
0.6579825,-1.2115327,-0.41070682,-1.0952648,0.888048,-1.091858,-1.0721781,-1.1124794,0.7399299
-1.3849127,-0.8530861,-0.37549594,-0.27786463,-1.5166842,-1.1993372,1.4019824,-1.0302854,0.68669635
0.6398854,-0.4701331,-0.0038093633,0.8336677,-0.8755178,-1.3709,0.14704283,-0.31325805,0.8564206
-0.36846888,-0.12841092,-0.08413957,0.8536053,-1.364285,0.06858477,-0.627063,-0.7820304,0.4787184
-0.09594596,-0.72110474,-1.3538432,-0.17545131,-1.3067347,-0.83095914,0.0963527,1.2387408,1.0068066
-1.2638218,0.7328393,-0.6336802,1.2944992,1.4768119,-0.46165314,0.8167874,0.47452337,1.1922517
-0.420712,0.6060256,-0.2342815,0.35194668,-1.4142302,1.1067569,0.71167606,-1.0713468,0.73885137
-0.4449982,0.7355387,0.5424256,-0.2649003,-0.65413576,0.49977285,-1.5673664,-0.31530973,0.79802895
0.17492677,-0.6280501,-1.525477,-1.2542425,-0.2781066,0.43264464,0.09272835,1.5064633,0.9818322
-1.2794877,-0.90091383,-1.0128785,-1.2768381,-0.44220933,0.9729397,0.6414577,1.439166,0.9434587
0.87946415,-1.5335974,0.63154584,-0.9855629,1.0964061,-1.1658431,-0.11773664,0.47380963,0.5340723
1.5388083,-1.0601968,-0.47535726,1.3569669,-1.4595121,-0.76578903,0.9641518,-1.0576487,0.3458826
1.0851731,-0.8087829,-1.455314,-1.2128221,-0.37859794,1.2670689,-1.2659488,1.2668203,0.7059929
-1.2916605,-0.35363454,1.2262338,0.5577446,0.57354045,0.24231856,-1.432081,0.47546515,0.7836127
-0.5184021,0.2523018,0.9593042,-0.17107919,-0.7561262,1.019939,0.8037289,0.77647805,0.30076396
-0.46899593,0.8457702,0.7951973,-0.4727694,-0.09238688,-1.5030792,0.14951743,-0.2320032,0.8250757
-0.59554845,-0.8432732,-1.2174336,-0.5111795,1.5619297,-0.91571635,0.5894544,1.2120948,1.2272887
-0.0646367,0.0052727833,0.9417773,-1.0914289,-1.3042032,0.8076248,0.11392807,1.0541617,0.40690207
0.30167407,1.0670286,-0.74209386,1.3374741,0.04553036,1.2932984,0.16737238,-1.2332112,0.6732288
1.3676859,0.30698448,-0.37573433,-1.3869146,-1.4753617,-1.3715943,-1.1984957,0.6018258,0.95911056
0.5967403,-1.2874945,-0.81747437,0.6396905,-0.048838273,-0.12766859,0.9461208,0.5166591,0.93383515
0.998254,0.34635526,-0.1480784,1.1734728,-0.3344552,0.7063987,-0.12221108,-1.3731318,0.35001257
-1.4207262,-0.5050985,0.13669567,-0.95450836,1.3559144,-0.2363333,0.016127605,-0.9903986,0.993761
0.9298112,1.3132577,-1.2405149,0.6944984,-0.32460347,0.20220143,-0.24119267,-1.0520401,0.67923164
-1.5356057,-1.561691,-0.07352923,0.8280676,-0.762641,-1.4044363,0.8056922,-0.7005323,0.9337179
1.2475759,-0.7264084,0.1445057,1.5050454,-1.2076477,-0.15066542,0.87514997,1.0034513,0.27826172
0.47781375,-1.0118881,0.32668793,1.5049012,-0.0870456,1.4412396,-0.3089253,0.9997182,0.33077294
-0.023169832,0.10524612,-1.4223106,-0.68406147,-1.3390292,0.5392735,1.1647298,-1.1681567,1.0823026
-1.516555,1.3690289,-1.4309573,-1.0922371,0.85553557,1.1178894,-0.49835038,-0.049192946,1.20456
-0.52596694,-0.14212368,1.3690974,-1.3588783,-0.8058476,1.0397137,-0.0504565,0.10811699,0.65662575
0.11209232,-0.23418133,-0.9136442,0.40574574,1.3874933,-0.3225797,-0.28858852,0.5701575,1.2001702
1.5523415,-1.0388677,-0.08887507,1.4968657,1.306436,0.70504856,1.5270981,0.12229961,0.10264252
-0.75309813,0.03579342,0.6708146,-0.42802277,-1.5573221,1.1845999,0.6432003,-0.36850494,0.4186602
-1.1472563,-0.71343136,0.37223962,-0.77071494,-0.47123826,-1.5559143,-0.57726175,0.0911341,0.43114507
0.44345284,0.2981608,-1.5141462,-1.2997597,-1.5577478,0.6963191,-0.6138345,-1.0316942,0.63297486
1.5415112,0.96959573,-0.24311513,0.8501495,-0.7288669,-1.1298871,1.5008742,0.7639812,0.49025652
-1.0194784,0.30139908,0.44618702,-0.70094365,0.4031279,0.58219117,-1.1312028,0.8385611,0.83769643
-0.25874406,-0.319095,0.70081323,-1.0298722,-1.5122107,-0.4937494,-0.8461456,-0.44884256,0.48833874
0.6640732,1.4524541,0.21272144,-0.37879902,0.99232435,0.9079949,-1.4109464,-0.5944538,1.1100827
-1.1103386,-0.13914989,0.76187825,-1.2440312,-0.05167116,-0.9246034,0.7015872,0.8260234,0.725912
-0.7586075,0.54634815,-1.0162864,0.22831987,-0.7459618,-0.062397,1.1398093,-0.42715073,0.65632623
-1.4303102,-0.84234685,-0.34659174,-0.9321499,0.011374878,-0.84631085,-1.3684691,0.54368585,0.52695626
0.68326163,-1.1846343,-0.99361587,-0.29621723,0.5769251,-1.1494066,1.3651704,0.38986304,1.2798434
1.346098,0.36040816,-0.4534364,-0.008330322,-0.95478326,-0.68332994,1.514315,-0.24967995,0.5609796
-0.3098622,1.0131121,-0.9508438,-0.5604377,0.3264403,-0.5251228,1.5034931,0.048598897,0.8606109
-0.30867323,-0.2087131,0.516237,-0.21695992,0.5828968,0.069693595,-1.148657,-0.093786985,0.8805053
-0.10920063,0.9654794,1.1256788,-0.5511036,0.06799386,-1.2122729,-0.45303592,1.3094641,0.49648103
0.75479424,-1.2084463,-0.6580533,0.5010576,1.5675777,-0.75455856,-1.3399493,0.4294807,0.9498437
-0.80246544,-0.06434462,0.64573234,1.5365106,-1.3767174,-0.19534159,-1.2963119,0.02962015,0.87695056
-0.21351977,0.6621457,-1.5113326,-0.93384653,1.4941237,-0.9321612,0.98510706,1.0574028,1.237785
1.3821175,-0.6313113,-0.19134557,1.0829802,0.95223,0.7215538,-0.35042655,0.8860794,0.9854994
-1.380014,0.39192334,0.9826023,1.3057353,1.2477137,-0.28277183,1.345181,-1.0206476,0.18338807
1.185171,0.36897445,0.85530853,-0.05161519,-0.99457526,-0.3366818,0.46629217,1.4499642,0.41175336
0.12193362,-1.278938,0.13934761,-0.34974793,0.06364736,0.91260195,0.39888307,0.43978494,0.91416955
-0.82600266,-1.0709077,-0.53870547,1.2251397,0.039622985,-0.7084931,-1.4316893,0.82114476,1.1073658
-1.2463222,1.5597811,-0.46008044,-0.7970044,0.68561935,-1.3013796,0.44380823,-1.4649794,1.0247968
-0.8069965,0.47010458,0.8023338,0.737685,-1.4712765,-1.0584917,-0.6108856,-0.92555016,0.77638865
-0.09426005,-0.5555374,1.2368672,0.7683095,-0.94886386,0.3458132,0.6757072,0.11455475,0.34195057
-1.0931164,-1.3749653,1.1921085,-1.5032995,-0.07030142,1.1853664,-0.9389438,-1.3171548,0.7976189
-0.03761192,1.1828752,-0.18407238,-0.6976072,-0.7383289,-0.38662687,1.1613215,1.5348043,0.69524527
1.4003679,0.09862634,-0.7035091,-1.3844498,-0.8455373,-0.53669274,-0.6427762,-0.53182155,0.38379103
0.08269484,0.3467751,1.3417826,0.55082387,-0.39163476,-1.0146692,-0.060774025,-0.13807961,0.65781677
1.2817708,0.6831576,0.19808085,1.3672686,0.09705671,1.2194049,-0.31237218,-0.5407341,0.32106614
0.25775474,1.4831398,-0.013536777,0.024934774,1.223917,-0.39013585,0.73077685,-0.98575586,0.8989354
-0.9661917,-0.98293614,-0.6951,-1.3457304,0.7902985,0.9250812,0.740731,-0.45896792,1.0322213
-0.054906663,-0.2313489,-0.7262836,0.0954722,1.5455672,1.4194239,-0.45419523,0.11510796,0.9799395
-0.06728911,-0.049614355,-0.749573,-1.387515,-1.0708028,0.6319431,0.8713772,0.89546824,0.87712073
0.58577836,-1.0087734,-0.6158176,-0.58888716,0.60655606,0.19379802,1.3805457,-1.2703211,0.77307576
0.7448651,-1.1463451,0.34777454,-0.24081215,0.9089089,-1.4398432,-0.86817884,-0.46006095,0.56387365
-0.10292198,0.86565334,1.2726692,-1.326601,-0.02600023,0.18009202,1.1470008,-1.5032818,0.37045836
0.5724353,-0.40290135,-0.5923958,0.96035326,1.5543629,-0.42568594,1.2218887,-1.3700833,0.5247495
-0.09775828,-0.7364408,1.2472631,-0.057689544,-0.66041774,1.3976998,-0.95839113,-1.4851186,0.15871339
0.19820601,-1.2851856,1.5304948,-0.75226885,0.99154335,-0.88094354,-0.7196749,-0.3422751,0.7283364
-1.3100543,0.5176684,0.11688289,-1.1754895,0.19454561,0.1517218,1.3278995,-0.63994944,0.7891796
0.64796495,0.9242342,-0.4882832,-0.6128981,-0.40463465,1.384954,-0.010117867,1.2247254,0.68727976
-0.9302677,0.17875253,0.3316889,1.1699988,-0.16093796,-0.07963451,0.99838865,0.07910978,0.15191665
0.36020586,-0.17299877,-1.1684967,1.4514258,-0.34741408,0.62299335,0.09101098,1.4029679,0.56899947
-0.544775,0.67278385,0.29998907,-1.4355278,0.5026129,-0.76598644,-1.3842916,0.393609,0.12013921
0.8508674,-0.5197967,0.24016292,-0.08039782,0.3959921,0.7006432,1.4956872,1.4884355,0.5591675
-0.90355164,-1.4275885,-0.16973232,-1.5359322,-0.5576359,-0.6730711,-0.09098697,-0.69261944,0.6749925
-1.5002912,-0.18430024,0.28871718,-1.2286552,0.6081236,1.4028327,-0.34680936,-0.04680321,1.0342999
0.81489384,-0.94104457,1.4916334,-1.1864563,0.9388426,-0.84554005,1.0979745,-0.47363496,0.52683204
-0.14862429,-0.70324504,0.4115458,0.27159533,-1.361796,0.9750348,1.133967,-0.48989487,0.53951037
-0.7139403,-0.70961213,-1.4762253,-1.4405172,-1.321235,0.22920299,0.2985474,0.9030648,0.6264626
-0.38519242,1.5581166,-1.4286174,-0.5039594,-1.1418158,0.6786034,-0.66302,-0.20645674,0.42692947
0.5116601,1.0441712,-0.14026831,0.8153988,1.0092266,-0.49263683,-1.3037035,-1.4995899,0.94193304
-0.4400332,0.073623575,0.47552168,-0.42563888,0.3545697,0.11799037,-1.1291163,-1.078625,0.91480744
0.6631344,0.86049885,-1.1596253,-1.0684549,0.88899964,1.1713927,-0.48024037,-1.5287724,0.6983442
0.59393376,1.4990227,0.21587554,0.43592244,-0.08899183,1.4480628,1.5372013,0.63050973,0.4727608
-0.41725084,0.33520553,-0.6808598,0.94753,-0.81570476,-0.13572454,1.3043152,-1.4590863,0.6418684
-0.8726246,-0.06729945,-0.5965665,1.3068486,-0.5429758,0.37661007,-1.0194011,0.33534274,0.99342793
-1.2945346,1.520012,-0.765037,0.55174285,-1.3198302,-0.99351305,-0.21686521,0.27413788,0.98964924
0.13290171,0.62818515,1.3754659,0.8486327,1.4884533,-1.2441503,-1.2439952,0.68349403,0.48640895
-0.36386797,-1.4177035,1.2877504,-1.4927611,1.4006555,-0.984214,0.5010116,1.2381774,0.5534087
-0.6703637,-0.9820775,0.10474652,0.55454665,-0.8135,-0.19456273,0.7419379,-0.59761655,0.5014225
0.035819735,-0.04038103,-0.74737006,-1.2353975,0.5959518,0.92816025,-0.14620522,-0.8493291,1.015278
-0.34281528,1.396782,-0.25502032,-1.4325545,-0.6363855,0.21308856,-1.0940869,1.4306895,0.565851
-1.2654482,0.91087145,0.65098554,-0.34996587,0.9031621,0.41805255,0.7274745,-1.4568508,0.40269715
-0.60484296,0.90065986,1.5317731,-0.09517113,0.20981188,1.440659,0.5660946,0.6384573,0.2690778
0.58968073,1.1432731,1.1393121,-0.9662754,-0.035561185,-0.34199145,-0.99167633,-1.3496989,0.60807544
-0.23308384,-1.2064086,-0.44088238,-0.57572186,0.26682913,0.49767515,0.06713155,0.47612455,1.1977834
-0.623729,-0.32078287,0.26664683,1.2880132,0.1262993,0.2593815,-0.72817826,0.20698118,0.7454885
-0.63592845,-0.015024977,1.0164005,0.891408,-0.31237793,-0.2904491,-0.7561175,-1.2209411,0.5446467
-0.004435147,0.86885315,-1.5219287,-0.8088385,1.0571799,-0.9134543,-0.9300205,-0.14316536,0.82370496
-0.6970098,-1.4775803,-0.13554458,-1.3680538,-1.3223628,-0.3537249,1.2825402,-0.07195391,1.0462531
0.8822048,0.6122522,-1.3723325,0.8543295,0.83029157,-0.05370741,0.50578815,1.0009184,1.0016956
-0.27420932,-1.2124178,0.9126524,-0.35965177,0.28091487,0.7995204,1.337274,-1.341746,0.24354668
0.6616794,1.2613645,-0.7294665,-0.47168198,1.4326237,0.6903707,-0.94890237,0.88938737,1.095796
1.5143355,-1.1251355,-0.98984665,-0.7701804,-0.26364833,0.5521751,1.2253594,1.0746629,1.042332
-0.0032460345,-1.2790349,0.3478825,-0.503409,-0.35942578,0.08846626,-1.2792432,0.5802106,0.69866025
1.2583545,0.07504281,-0.025364503,1.1511519,0.24482682,-0.42496684,-0.4520459,1.5521208,0.72405916
-1.4888155,-0.345478,1.0411127,-0.54333276,-1.2373948,-0.53773147,-1.5687037,-1.314923,0.6097849
0.2834615,-1.5353895,-0.86882,-0.9666288,-0.32271713,0.13630433,0.6436015,0.7042033,1.0946678
0.0022291308,1.1507847,-1.1904054,-1.2197231,1.2708154,-1.1138777,1.56727,0.8936415,1.2534732
-1.3829411,-0.14100076,0.79777646,-1.0868605,1.3081557,-1.1895276,1.0991904,-1.2269466,0.87324756
0.67670906,1.3144835,-0.0029012877,1.4887787,-1.5374333,-1.1404932,-1.4594809,0.68112195,1.1319948
-0.90679467,-1.1863708,1.1147273,0.6113198,0.35157618,1.0124362,-0.3510689,1.4206411,0.66569674
-0.98221946,-0.021427786,0.18166377,-0.35811692,-0.61984396,0.93672365,0.99622214,-0.71041334,0.54682726
0.89718956,-0.044443686,-0.8382391,1.4973892,1.1279725,1.073952,0.25937945,-0.82200974,0.44239756
-0.3721537,-1.0930789,1.1761374,-0.36450925,-1.4191462,-1.5507029,0.030991863,0.9735068,0.56461984
0.60747236,1.2242348,-0.80509835,0.28621954,-0.3151627,0.81926036,-0.9042314,1.265063,0.8132103
-1.2606994,0.22319289,0.35513872,-1.4095145,1.3336432,0.41881275,-0.7930212,1.5619909,0.43064073
1.4910396,0.8732514,1.5688348,0.8610986,0.9742269,-1.369655,0.5070333,-0.47843155,0.58686167
1.2611727,-0.99651456,-1.2131207,-0.7634637,-0.9703851,1.1490413,-0.9386331,-1.3348026,0.8838637
-0.6823615,0.6811614,0.58194065,1.1418709,1.2516638,-0.06582807,-0.14980789,-0.26348415,0.6081658
-0.03834267,1.465815,0.95537376,1.4816631,-0.6820888,1.5640996,-1.1640714,-1.2916602,0.13748994
-0.2611157,-0.6641405,0.49813494,-1.3033093,1.1107028,0.82514447,-1.2698847,-1.1631557,0.87929183
-0.80624086,0.9572143,-1.2517074,0.860771,0.8561062,-1.1715283,0.11125742,1.0297136,0.95981705
1.4066919,-0.7545358,1.2534041,0.70749265,-0.4203943,0.4500183,0.040473353,-0.031409763,0.49396062
-0.5274363,-0.65064067,1.2912242,0.76237476,0.6090471,0.6953469,0.23947065,0.41026282,0.2712386
-0.25633726,-0.95676535,0.13675031,0.4503721,0.60684603,0.16389865,1.5575957,0.10118176,0.49962428
1.1473334,-1.3903599,-1.543019,1.2937765,1.3315576,1.067877,-0.6703597,-0.28928944,1.2871159
0.004061076,1.3062243,0.24567239,1.216425,1.1855854,1.0018975,0.04288492,1.0158643,0.6718581
-0.99650997,0.24483147,-1.2081149,-0.90322685,-0.08295299,-1.4989558,-0.2887686,-0.5469959,0.99151397
1.1013347,-1.2031378,-0.97658294,0.3099425,-1.0718061,1.0038394,-0.2293961,-1.4874332,0.7398124
0.74134856,0.9442908,-0.529629,-1.0785035,-1.0063874,0.39244062,0.77520704,-0.29119346,0.7266982
-1.353372,-0.3691042,0.92211366,0.5477917,0.5604378,-0.42341304,-1.38216,-1.0918952,0.84451276
-0.9828991,-0.6515291,0.93180656,-1.1252333,1.06973,-1.1953465,-0.7415593,-0.8516261,0.6181807
-0.14541015,0.15137246,-0.7473461,-1.0951838,-0.82774234,-0.09438436,0.5112228,-0.090202026,0.8227208
0.130756,-0.31746143,0.9353787,0.8137773,-0.77451473,-0.86018217,0.7947198,0.365452,0.5617646
1.2895715,-0.16856015,-1.4037209,-1.5279837,1.1030031,-0.6756901,0.067045644,-0.39352182,1.2101775
0.83983266,0.19186045,-0.6009487,0.6760577,-1.2480195,1.2084984,1.2817332,-1.2722398,0.9065546
0.976303,-1.514898,-0.66035855,0.7043947,0.57369214,-1.2425514,1.0879855,0.7730275,1.2029088
-1.0704437,1.1803318,0.8667894,1.1748406,-0.38267744,-0.44298106,0.09858278,0.66796136,0.75751454
-0.6396345,-1.0185987,0.3302391,0.8079779,-0.22766803,-0.4671889,1.3000278,1.0669214,0.7125562
0.40728167,0.2810875,0.37659156,1.025146,0.5891749,-0.8794841,1.3540545,1.1719157,0.71670383
0.42645964,1.1647024,0.8239457,-1.1512775,0.1526582,1.2878513,1.2912095,-1.3458948,0.17299981
0.34518385,-1.2766712,-0.2908882,0.13423495,-0.8137498,1.2441121,0.6739538,0.69429696,0.5832001
-1.47158,-0.13590638,1.29861,-0.90450996,1.0533477,-0.13418701,-0.6481908,-0.0060608336,0.6820243
1.529719,-0.7518138,0.58541083,-0.49490726,-0.30875173,0.7984728,-1.0531081,1.5235375,0.3433527
-1.4525398,0.3818669,-1.1772687,-1.4866503,0.19570759,-1.2732692,-0.85947573,-1.4880354,0.82931936
0.9184991,1.4263923,-0.83481,-1.2775078,-1.0571378,0.53088886,-1.4341694,1.541132,0.80871844
0.12277585,0.83019686,-0.48985103,0.36055028,0.39846265,0.17329752,1.3722022,1.4857512,0.688386
1.1520609,0.20834357,-0.10259498,0.21860988,0.82325774,1.3994331,-0.29927346,-0.58057576,0.5897048
0.96211004,-1.4752676,0.22291318,0.19348028,1.4587581,0.17748153,-1.0008565,0.38756123,0.94682807
-0.91533047,0.27853402,-0.22672184,-0.22671638,-1.267736,0.16940805,-0.28078166,0.00632669,0.7157419
0.91853213,0.35623756,-0.5342711,-0.75256217,0.32334584,-0.011564887,0.7050572,0.53624564,0.9365436
-0.91475916,0.96981037,1.036901,-1.5161163,-0.11811259,-1.0202599,-0.12775369,-1.502827,0.6375433
1.0609831,1.4044363,-1.3108174,0.6346041,1.4316096,1.1557683,-0.18514013,-1.4281919,0.62673765
0.5951049,0.7616209,-1.4946358,0.46085748,0.6495196,1.2132686,1.1189078,-0.043967806,0.6054634
-1.0370499,1.197944,-0.49867612,0.2888383,-0.52541983,-1.295073,-0.30642876,1.3671325,0.9794044
0.1511697,-0.6619377,0.74722517,-0.8708645,0.99532205,0.60936445,1.4909728,-0.28470546,0.4563005
-0.814421,1.3783112,0.7123585,-0.26214284,-1.105958,-0.3140461,1.307053,-1.0471543,0.38818115
0.0979886,1.4509872,-0.2531049,1.5255933,1.5353465,-1.4447829,-0.14167748,-1.162205,1.0388991
-0.9372028,0.36413464,-0.72707814,-0.39262784,-0.659563,-1.0730921,-0.50705504,1.0799793,0.8718246
-1.5131488,-1.0004334,0.9237315,-0.71850574,-0.7781411,-0.4465138,-0.08320086,0.38308564,0.7975152
1.4825542,-0.888471,1.2036175,0.53698015,1.0753113,-1.2074656,1.2350872,0.7761728,0.5363228
1.3843321,-0.746379,-1.1078075,-0.35377532,-1.0227227,1.5059513,-0.30322543,-0.7485463,0.8915204
0.48697078,1.231602,0.3238592,0.3968967,1.0977727,-1.2418032,0.19699551,-1.3075457,0.9670497
1.4171032,-0.1318965,-0.23274982,-1.0913192,-0.5341206,-1.4424726,-0.2596332,0.6546189,0.47946468
-0.56787896,1.0988785,-0.5049194,-1.5265069,-0.15197282,-0.57128495,1.389223,-0.912516,0.98332316
1.0473503,0.032492343,-0.35546252,-0.54252774,1.5144547,-0.93666923,-0.47265625,0.45612234,0.66812295
-0.8008884,-0.5185788,-0.7496748,-0.09852112,0.9225245,-1.3119744,-0.07694602,-1.3595443,1.2089361
-0.57434297,0.8508303,0.43409747,-0.13662095,-0.27869597,-0.0012004216,-0.065262504,0.20883334,0.87545043
-0.8166143,-1.4537181,0.13014361,1.318701,-0.1872877,-0.58889014,1.5282838,-1.2147024,0.47725233
0.021198763,-0.79706997,0.20333026,-0.99778885,0.5585447,-0.73706675,-0.9266887,1.1503135,0.20132603
0.7565987,0.20697838,-1.3522899,0.19560304,-1.2386383,-0.23483936,0.43255717,-0.8440953,0.39794236
-0.4179086,-0.2485136,0.59731734,0.3971319,-0.15584692,-1.0154078,1.0457268,0.5388245,0.89421386
-0.27387267,-0.07635032,1.0725924,0.8449099,0.75726354,-0.51989484,-1.2116499,-0.8293066,0.6151238
-0.22557119,-0.84635025,0.5210218,-0.40285805,0.46478686,-0.5514057,-0.07612076,-1.4333324,0.7897355
1.0723836,-0.04385399,0.548323,0.3224935,1.1932728,0.9422782,-0.9092059,0.37085962,0.76056015
-0.4877023,0.2160941,1.1778767,0.11572577,-0.060484517,0.13572437,1.2799277,-0.4220777,0.20932387
0.52833605,-0.047861427,1.299676,0.77554035,-1.1682603,-0.92111826,-0.925217,-0.753786,0.6344994
0.15558508,1.444586,-1.1048517,-1.2800906,0.9699372,0.09062643,0.070660874,1.4624016,1.0836962
0.7649431,-0.0085153645,-1.0884506,1.0299424,-1.1853385,0.035970353,-0.74307674,0.43854752,0.83490795
0.56674623,-0.47132808,0.58698624,-1.4308639,-1.0983765,-1.092497,-0.50662714,-1.4144914,0.34676212
-1.3641012,-1.5550684,1.4403194,1.1680597,-1.4710997,0.92816484,0.9749968,-0.29073495,0.511132
-0.011996293,0.8752138,-0.7127791,1.5046383,0.96232444,1.2359364,0.66143787,-0.5649602,0.4743721
-0.7052819,-0.15407664,0.44496855,-0.3856899,-0.17989501,0.7538509,1.4508389,0.42727172,0.4787455
-0.6632367,0.07148324,1.0603133,0.45915043,1.5075215,-1.3767879,-1.0347524,-0.7660748,0.7601286
0.5402388,0.8643293,0.5845657,0.047267914,-0.2630037,1.491492,0.10685589,1.4640986,0.61397344
-0.91130716,0.2639636,-1.4243733,-0.9263792,0.94933796,-0.30174622,0.5328313,-1.0062962,1.1944718
1.3125817,1.0238328,0.3126952,-1.3042225,-0.35551423,0.85537684,-1.1261984,-0.048272155,0.6103013
1.1417457,1.183463,1.1736679,0.1255646,0.3354805,0.68488437,1.2033725,0.27922928,0.4364649
-1.3643512,-1.5092258,-0.45595986,-1.4143932,-0.8198687,-1.1520458,-1.1894422,0.43959227,1.041113
-0.16838622,0.66918075,-1.2977328,-0.41798556,-0.825938,-1.3996147,-0.6516724,1.0496347,0.9722909
-1.3217144,-0.35422972,0.55033374,0.41429353,1.0226651,0.66014856,0.9505612,0.5692118,0.49365455
1.3378726,-0.72543687,-0.7940707,0.062457226,0.5326966,-0.732658,0.62551653,0.45377675,1.2414818
-1.2652128,-0.9384535,1.1613142,0.396482,0.50320536,0.54711574,0.1691402,-1.2275357,0.3552725
1.2947785,0.36178848,0.37890232,1.3483895,-1.2499604,-1.451915,-1.520397,-0.030181892,0.8050181
0.7264648,-0.34341326,-0.028355652,1.4403585,1.4738373,-0.07611745,1.4930794,-1.4586064,0.22353621
-0.45485964,0.2921078,-0.000813133,-0.5359978,-1.109924,-0.19890498,1.4676979,0.13276266,0.6698728
0.35195816,0.57247007,-0.097233936,-0.019720672,-1.1814632,-0.97558135,-0.20053343,-1.2529441,0.5217566
0.32293174,1.1437118,0.13172534,-0.093449004,0.9229915,0.625605,1.1977386,0.12696172,0.54495716
-0.8276972,0.08473497,1.0339669,0.89416164,0.33760405,0.46305683,1.3791384,0.75157946,0.15775147
-0.88826025,-0.21686982,-0.024366677,1.0753725,-0.38853645,-0.8940562,-0.88906157,0.08131953,1.0891083
0.71240336,0.94640464,0.03689035,1.5172362,-0.51616055,-0.64428,0.027648589,0.9969028,0.8113595
-0.7026373,-0.19529852,1.1920588,1.3226517,-0.6235826,-0.1230962,0.6237276,1.3874828,0.530907
-1.2401953,0.81348276,0.44029257,-1.5429575,-1.1578227,-1.4242195,-0.0049152477,0.68609655,0.2938167
-0.65814584,-1.5058273,-1.3080993,1.5671475,-0.39468154,1.0421288,1.1706114,-0.5012407,1.1565909
-1.4455686,0.8346773,-0.732535,1.2733861,-0.8404816,-0.056027353,1.0753407,-0.5342789,0.64340013
-0.76194406,-0.5341175,0.4342496,-0.10503176,-1.236393,-0.6528402,1.3192931,-0.24784012,0.41850913
1.1825424,-0.76376384,-0.7617131,-0.3044347,1.3167716,0.27926886,-1.2288836,-1.2370487,1.1223243
0.9493061,-1.179606,-1.4034854,-1.064806,0.7817523,-0.37888846,-1.204171,1.5067075,0.70179814
1.5012667,0.8517895,-1.061075,-0.1780648,0.6929159,0.1859703,-0.36759245,0.11560982,1.074439
-0.939839,0.92348695,-1.5325226,1.2045932,-0.4601034,-0.4757572,1.549239,-0.67364335,0.7265631
0.14424025,0.61376727,0.99374557,-0.06919476,1.2434412,-0.30546275,-0.4219893,0.080031104,0.83092076
0.12321689,-0.19970895,-0.82269096,-0.028374035,0.99124277,0.11737922,1.3574815,1.1922172,1.047471
-0.97564614,-0.5261489,1.3547612,0.74876237,0.68693525,0.1644532,-0.95069414,-0.24757425,0.47587746
1.5506065,-0.17838487,-0.6121702,-0.3615519,-0.87905926,0.36423165,0.60002404,-0.08688996,0.71146625
-0.4804767,0.7659767,-0.47661415,0.71959704,0.7804099,1.5412974,1.4202459,-0.7273478,0.6658735
1.0172396,-0.8711095,1.385501,0.25533554,0.9812939,0.4667071,0.11461103,0.5621972,0.35653082
-0.8860539,-0.040155653,-0.5391426,-0.5955189,0.63343316,1.1523684,0.47727886,1.3839427,1.0491978
0.34196573,0.97183836,-0.93079877,0.8962517,-0.82286805,-1.1603701,-0.15926081,-1.4691021,0.60247123
-1.2300324,0.7520147,0.20724407,-0.24041216,0.8786192,-0.27209005,1.3704872,1.2693566,0.93345416
-0.49981308,0.9034935,0.50323653,0.024666822,-1.4460269,-0.11160953,-0.71899676,-1.2755488,0.4904124
-0.557292,0.5324512,-1.1982234,0.37006444,0.76482964,-0.6806515,-1.4289256,1.557702,0.6229356
-1.1270913,0.1942981,1.1663177,1.0111552,1.5206004,0.1078397,1.2632785,-1.3296239,0.2714011
0.5867985,-1.0051239,0.6058415,-0.89116794,0.97708744,0.04607444,1.1462643,0.75952536,0.6623745
0.9222499,-1.4788316,0.82253367,-0.8985088,-1.1998158,0.6192954,-1.1009793,1.3379552,0.3684301
-0.9253074,1.291058,0.3595748,-0.6899642,1.4143139,1.3336308,1.4234241,0.3639993,0.58732116
0.62244785,1.4731201,0.86895114,1.1863045,-0.58145714,-0.5263652,1.1798007,-0.061106462,0.3128584
-1.3573778,1.3435258,1.231507,-1.5637339,0.63416886,1.2137653,0.88008314,1.2774465,0.5447504
-0.7248404,0.47330952,-0.2614879,-0.7727439,1.1969832,-1.4545858,-0.12004965,1.0733776,0.6221808
0.4662207,0.3238603,1.0981348,0.76876265,-0.0687806,-0.002415618,0.6177306,-1.3018212,0.18761602
1.3163886,-1.154236,-0.09759435,-0.6544644,-0.6435509,1.3357118,-0.5994048,1.2205759,0.6930339
-1.2628795,-1.4810216,1.0916839,-0.5670006,-1.3553267,0.6871886,-1.4435704,-0.5956209,0.7021179
-1.0465579,0.7763213,-1.3550744,1.3575372,0.42848358,-0.42052537,0.9688526,-1.0155041,0.7568934
-0.032864805,-1.1267954,-0.098671466,1.2628998,-1.098446,-1.1987067,1.5555435,1.4618984,0.7351328
-1.4981918,-0.35878852,0.3040059,1.364168,-0.68113,-0.13888742,0.424364,1.0728692,0.6635233
1.209297,-0.18023884,1.1873308,0.59139395,-0.25593185,-0.70025194,1.3820108,0.06078332,0.37729862
0.0791209,0.19271281,0.26054624,0.26064107,0.10107942,0.53025055,1.0304228,-0.54220486,0.32572806
-0.21652643,0.66855407,1.3206118,0.7299878,0.5425297,-0.9996856,-1.4837178,0.6786847,0.5837471
0.05298892,-0.39197722,-1.0713615,-0.68136257,0.14717256,-1.0932151,1.4603932,0.3172418,1.1239884
-1.2016764,-1.4454896,-0.061666954,0.44124076,-1.448431,0.37480605,1.1543586,-0.3692355,0.6980972
0.7772562,1.0121853,-0.8508748,-0.45015055,1.0335431,-1.217085,0.8180797,-0.88746566,1.1440411
-0.57526404,0.86249685,0.64864194,-1.1120375,1.3595254,-0.37545016,1.2365537,-0.630388,0.84794223
0.597533,-1.4175289,-0.35638434,-1.024285,0.4281299,-1.3364333,0.40409356,0.5674,0.6082234
0.41538736,-1.3290656,0.8925977,0.8699633,-0.5387649,0.778175,1.4245977,-0.81665915,0.39600778
-1.3371851,-0.29072052,-1.2095578,1.2456454,1.5197875,0.071116365,0.8367533,-0.94918036,0.91014796
-1.5288041,0.86041284,0.9567311,-0.16959359,0.5350053,-0.08870098,1.1538994,1.3454318,0.60219836
-1.0164969,0.45100406,1.2677,-1.4874933,0.64416134,1.5465143,0.63794464,1.2227182,0.5775034
-0.8209796,0.10480673,0.9056224,-1.4981205,0.45613566,-0.36398616,1.0122036,-0.31757152,0.8447613
1.0359042,0.1805714,0.6679586,-0.56056774,0.31566286,1.3568093,0.6315708,1.190104,0.60861176
-0.807641,0.59326255,0.72633684,1.1452583,-0.038753573,-0.63870907,-0.1232702,0.047023714,0.71152467
-1.2251534,0.8786333,-0.7427546,1.42292,1.4530393,-0.60996383,-0.52158785,-0.39058977,1.2012681
0.0728463,-0.17412065,-1.2951626,-0.093448736,-0.10004399,-0.87894756,-1.5703043,0.7936897,0.8468497
0.011300863,-1.2638103,0.47843927,1.297392,-1.1391296,0.31234944,-0.81537664,1.3176951,0.8775443
-0.32038388,-1.4687388,-1.3731211,-1.0562882,0.97350365,-0.12955326,-0.99992263,0.557385,1.0776109
0.25107005,-1.2460891,-0.7595647,-0.57891035,-1.1380852,0.6832047,0.98254937,-0.88023573,1.0449495
1.5236973,-0.92676985,-0.094328515,-0.5370364,0.60061616,-1.0479348,-0.4459658,0.97407085,0.37530538
0.3775056,-1.4846286,0.077855796,0.5792423,-1.3151418,0.053243015,0.4819606,-1.0126498,0.37020966
0.34453997,-0.9776618,-0.7161155,-0.67026526,-1.3951755,0.28641996,-0.37825203,0.18251772,0.5253702
-0.5007194,-0.11816302,-0.7604575,-0.9192602,-0.21816006,-1.0430312,0.25567296,-1.0295401,0.90213656
1.011482,0.07642991,0.6877924,0.21722962,-1.4210911,0.8677631,-1.2566822,0.004923087,0.52405083
-0.35167128,0.83087605,1.1888561,0.71875936,-0.6092829,0.5444038,-1.3046064,-0.6892724,0.56478846
-0.37616223,0.86138606,-0.17362322,-0.2114734,0.21882161,-0.7059037,0.16574445,0.9439762,0.99507743
1.536435,0.03656331,1.4257697,-1.24819,0.8311588,-1.2357858,-1.5197234,-1.0871925,0.37684947
0.49306127,-1.3709536,0.19469562,-0.48065534,-0.93192923,-1.5559222,-1.4118807,1.1070257,0.7235896
-1.5421444,-0.58292747,0.39522195,1.2990811,0.5600173,-1.3378303,-0.9977364,1.558414,0.5632266
0.22821704,-1.2398589,-0.17539953,-0.15235928,1.2091789,0.32614037,1.2255788,-0.68235445,0.62948066
0.49948692,-0.6826965,0.7653262,0.9976592,-0.86663294,0.9231912,0.06909189,-0.7398731,0.36598748
1.5694737,-1.1036774,0.332392,0.7606045,0.13974328,-1.3712202,0.76548463,0.63724256,0.9676011
0.5140302,-1.4114008,-0.75737244,0.062075734,-0.8208457,0.7497551,0.5385597,0.08084764,0.7661119
-1.0611879,-1.419252,-0.29378223,-0.65893155,-0.3547049,-0.69370395,-1.4156115,0.22750242,0.79373986
0.010726284,-0.17230584,0.4988392,-0.7716881,1.3134385,-0.8671803,1.531576,1.23615,0.70876086
0.44785774,-0.02744003,1.3102638,-0.89063364,0.9640778,-0.7302456,-1.2407261,-0.23056357,0.6586533
-1.2741594,-1.0921252,1.4604944,-0.661656,-1.0572249,-0.11393289,-0.91255087,1.3309361,0.4916198
-0.68319875,0.81432045,1.5060205,-1.3117152,-0.28985968,0.57821995,-1.06948,-1.1043814,0.7229345
-1.0713708,-0.028343968,-0.31663185,1.438228,1.0113268,0.81097853,0.5405115,-0.89559275,0.3411769
-0.091098465,0.8859886,0.7695387,0.2291589,1.5655688,0.3483033,-0.19748224,1.3089805,0.8397928
-0.3480324,-1.0275192,0.8901672,1.3354571,-0.41195154,0.50131935,0.73663974,0.26147264,0.25082645
-0.7520061,-0.12283647,-0.7219795,-1.4592843,1.4736668,-1.1525276,1.3782518,0.5243489,1.3049788
-0.9019619,0.7091429,1.2777622,0.82385254,0.63027626,-0.6577606,0.90921617,0.5128426,0.33954164
1.2554201,-0.7926839,1.2221222,-1.2660848,0.7869957,0.26534966,-0.58975697,0.18473642,0.5491044
-0.108782,0.44545737,-0.4616684,0.9165713,0.63230354,-1.1367391,1.3079325,-0.0016713876,0.9855408
-1.2967795,0.8957995,-0.50298053,-0.19077478,-1.5559728,1.1923872,1.3448834,-0.12135516,1.059563
0.05777426,-1.3930964,-1.1823106,0.8197628,0.9255541,-0.97891504,-0.8685116,-0.63799256,1.2744012
-0.5670489,1.4663996,-0.049555533,-0.56903976,1.068195,-1.2600898,-0.91857207,1.4224116,0.33357278
0.10299579,-0.17641352,-1.0275694,-1.181711,0.8872824,0.8025496,-1.2645286,-0.08764259,1.1534166
0.24403171,-0.5123908,0.061465956,-0.14585038,0.5930494,-1.5489769,0.54285973,-1.4154018,0.8497263
-0.21483095,-1.3406653,-1.2213951,-0.9980262,0.5716705,-1.4934129,1.5193684,0.2533045,1.3865716
-0.8128343,0.22631025,-0.31129134,-0.4055246,0.7963767,0.31181696,-0.84494764,0.9340568,0.99520123
-0.9602992,-0.5778964,1.56368,-0.47675815,-1.2427764,0.16150966,-1.0939999,-0.30200112,0.72147965
-0.28004268,1.0055978,0.37068087,0.81252784,-0.6103123,-0.96313983,0.67957985,0.7312777,0.7228714
-1.2275019,1.1650577,-0.0003464607,-0.7105829,0.784865,-1.007073,-0.045992784,-0.69766563,1.0295157
0.91759247,0.10634123,-0.11876328,0.8035489,-1.344533,-0.90446883,-0.45139354,1.4408844,0.90285003
-1.0968035,-0.9958842,0.041270908,1.510715,1.0981878,0.13071342,0.03205727,-1.1690121,0.46922445
0.5709213,1.2422264,1.071292,-0.84324986,0.4829036,1.4965508,-1.4222517,-0.10176841,0.8746438
-0.6928546,-0.707649,1.3669823,1.0978771,1.5539788,0.17940389,0.49750167,0.25559175,0.48795465
1.4378943,-0.39214593,-0.4351995,-1.5272994,0.61959875,1.3833758,-0.7366766,-0.6545789,1.0551962
0.77222764,-0.94267225,-1.0659422,-0.6752339,1.1784562,-0.8776122,-1.0268428,1.4892792,0.5093227
-0.5329642,0.5830311,0.33314368,-0.60452145,1.2104484,-0.88936913,-0.34959823,-1.3594643,0.91508824
0.71683615,1.1298405,-0.023980938,1.4443449,1.5648931,0.17121267,-0.37433985,1.3714497,1.0140225
0.10695211,-0.176708,0.096657746,-1.5146247,0.566806,-0.32167408,0.6477967,-1.3083723,0.80885583
-1.2801067,0.16814491,0.7888919,0.22101799,1.3599879,-1.2886553,1.1275946,0.056185987,0.8359051
0.21789795,-1.5532327,-1.06086,0.39648816,-1.527803,-1.3348974,0.04259042,1.563564,1.2697686
-1.5131022,0.08773849,-0.5124137,0.045963038,-1.420578,0.06455255,-0.25039217,0.5131535,0.73475957
1.1808102,-0.7408212,0.65807897,-1.3881046,-1.5376947,-0.8530358,-0.37634304,1.232954,0.35148618
0.1876718,0.40473792,-1.2725554,1.0343187,-0.20728971,1.3560687,-0.94639534,0.3011636,0.6574926
0.57238555,-1.4570527,0.8144747,0.7117709,-1.561266,-0.99834234,0.30251512,-1.482972,0.41909918
1.4004116,0.8584982,-0.769483,0.14098465,0.557344,1.2570689,0.2553752,1.1325653,0.8932175
0.9653451,0.94641626,-0.5606524,-0.94718325,0.9566947,-1.0283858,1.4062217,0.8074629,1.0521215
-0.0066642584,1.1625835,0.4373928,1.5480936,-0.15618096,0.11313787,-0.7552583,-1.0615481,0.3974025
0.48224977,1.0354848,-0.9522779,0.2416542,1.3035914,-1.3081136,-0.7542453,-0.077663764,0.90196735
0.5901534,1.0231901,1.46214,-1.4775339,0.07131268,0.832171,-1.4774427,1.3183423,0.42520198
-1.4926249,0.11893469,-0.4251255,0.18650378,1.2828869,0.6519561,-0.84951067,0.01411869,1.3565147
-0.98395354,0.47142577,1.4083073,0.080603585,-0.82660073,1.23486,-1.3844043,-0.12824607,0.6533733
-0.57410973,-1.0859334,-1.1298864,-0.072034635,-0.8985466,0.75045973,-0.46437237,-0.40244913,0.632376
0.5118396,1.065803,1.39527,-1.4828861,-1.5358697,1.2609259,1.1722201,-0.46658975,0.74631613
-0.8161038,0.8547585,0.5268642,-0.43708664,1.1931592,0.69107974,1.423253,-0.79768217,0.48375392
-0.10952089,1.1693763,-1.481203,-0.22158249,1.3015043,0.757186,-1.2731706,0.2822411,1.2320426
0.0002700876,1.0603051,-0.57689035,0.12725139,0.56714135,-0.35361436,-1.0942788,1.170034,0.76379806
1.4581462,-0.39440957,-0.8030645,0.3743447,0.3007095,0.5458155,1.5383855,1.1051102,0.73017216
-0.37477112,0.039015997,-0.43731514,1.2587296,0.25299102,0.32789642,-1.5461804,1.2195125,0.93896794
0.8885382,0.08435878,-0.6807021,0.9227796,0.1917992,0.49086487,-0.21106488,-0.9579105,0.5789709
0.7236112,-0.40769714,0.28910157,-1.3669755,0.42194352,0.47188315,-1.1706644,-1.0954177,0.744536
-0.9816987,-0.3011991,0.7791069,1.4036173,0.7804403,0.8557822,1.5270051,0.8999957,0.19106412
0.46831623,-1.3074964,1.0241191,0.28376955,0.6581574,-1.5598079,-0.021218311,-0.9234188,0.7146998
0.36951506,0.11354285,-0.5317917,-1.1432756,1.0527049,-0.12501204,-1.046037,0.55516714,0.7099751
1.0362136,-0.8431016,0.63161707,-1.5634711,-1.3998811,0.89101136,1.3228937,-0.25401628,0.7668614
-1.0098532,-0.19898619,1.3825033,-0.85165155,1.1615689,0.12484117,0.68787503,0.5571542,0.62185
0.97164303,-0.2121932,-0.6733927,-0.7247404,0.9628715,-1.1542555,-0.004313096,-0.4345431,1.007268
1.4797193,-0.8723523,-1.1217583,-1.537749,1.518821,0.53133184,-1.0360286,0.15407142,1.3133337
0.3936,0.97209805,-0.5405308,1.1316787,-1.2452272,-1.496329,-0.61603993,0.26330274,1.0932105
0.59419984,0.7459896,0.3316563,-1.1145624,1.5188951,-0.30119646,-0.10426521,0.64702046,0.8007396
0.42212182,-1.2638055,1.003936,-1.0016733,0.81110483,-0.91836464,-1.0979325,1.4252847,0.39448074
0.88288873,0.665936,-0.52798724,-1.5374798,1.3924825,0.43879315,-0.08927753,1.2319022,1.0047269
-0.61577094,0.9916247,1.0052358,0.2516799,0.715383,-0.6687872,-0.22572336,-1.3702796,0.69562745
0.8387082,-0.5540236,-0.21431513,-0.2224054,0.03154346,-0.12071534,1.4815947,-1.2592931,0.46127722
0.17118432,1.2340968,0.14454152,0.36143085,-1.3203738,-1.3121647,-0.4324067,0.32255986,1.0633075
0.7588046,0.01389567,0.95078415,0.559981,0.19367518,0.46093574,1.0735217,-0.695781,0.2956075
0.61016226,0.934802,-1.3237497,0.3131653,-0.46953112,-0.1141987,-0.19148079,-0.64578843,0.5486128
1.3876332,-0.795362,-1.1714981,-0.3803123,-1.3321468,1.2061477,-0.3916686,1.388617,0.4867204
1.1547977,-1.2531954,0.5894237,-1.2120197,0.85354096,-0.33542368,0.38649732,0.5905302,0.7471339
-1.2579216,-0.15884435,0.7410647,0.018442,0.7310961,0.6613892,-0.5033284,1.3636873,0.8657591
-0.38771063,-1.0317703,-1.321933,-0.2607013,0.29274732,0.4513626,-1.5205333,1.5104941,0.95218
-0.9796656,-0.2077651,1.0444864,-0.9218864,0.7645175,1.4011613,-0.45126188,-0.30771616,0.844646
0.4689557,0.22633202,-0.6666691,1.079416,0.087615736,-1.3606213,1.5516967,1.1889784,0.81244034
-0.32409188,-1.335294,-0.2328807,1.47467,0.8850513,0.41313577,-1.0955864,1.4851445,1.0515842
0.9393123,-1.0349679,0.3686932,-1.2778774,-0.31313822,0.41374174,-0.09225004,-0.70459855,0.83179855
1.2382518,1.4387758,-0.7234589,0.2581261,-0.5470756,0.83787537,-0.8480848,-0.25641397,0.75859
-0.25296086,0.25579393,-0.6374845,-0.31901208,-0.8955753,0.76126504,0.5722076,-1.3401049,0.7023406
0.30114514,-1.0234561,-0.47572216,-0.6643268,-1.3150578,-0.67353237,-0.12833124,-0.318685,0.58943576
0.9150211,-0.5048887,-0.09985748,-0.6653178,0.20913985,-0.3177906,1.5013759,1.4460206,0.8109041
-0.5014207,-0.08170685,1.0392926,-1.5616628,1.3104295,1.4740498,-1.545578,0.6562225,0.58843255
-1.0412272,0.5627909,-0.08736778,0.6252421,-0.5613484,-0.6111387,1.0650555,1.283486,0.75711316
-1.117974,0.56332695,1.4310346,-0.18246411,-1.1947356,-0.14518163,-0.91166306,0.93158215,0.74857044
0.61120135,-1.3192189,-1.5171436,-0.54714483,-0.45974484,-1.3596402,-0.7261837,0.8439894,1.0460306
1.3122075,1.0483902,-1.3199522,-1.0893416,0.16745716,1.2540922,-0.5409658,-0.93189865,0.75278544
1.4647317,-0.64092916,0.9486295,-1.0082451,-0.67693675,-0.6776944,-0.8568757,-0.9496051,0.42508483
1.2183704,-1.2254043,0.8711675,-0.77872133,1.381223,1.3642443,0.5687108,0.38550943,0.67762923
0.26774132,-0.31133857,-0.7626629,-1.4508185,0.2776579,-0.9172506,1.0053496,0.96325535,0.8902933
0.07323053,0.78199697,-0.8148994,-0.40823346,-0.3746403,-0.12389042,0.10366459,0.46300155,0.8512612
1.4199404,-1.064434,0.009041065,-0.58295935,1.1691498,-1.231221,0.18033151,0.4764113,0.6465978
-0.03660827,0.18970321,-1.5447578,-0.1572695,0.2835792,0.2249018,-1.2967387,0.60803926,0.9731858
-1.4748662,1.0824982,-1.0859036,-0.18387556,-0.51355284,-0.2431255,1.216475,-0.4478715,0.7400493
-0.20729235,1.0799932,-0.9025809,1.5320317,0.59132385,-0.4665906,0.8730399,0.1770032,0.8102547
-1.2201982,1.5688074,-0.5345616,1.5631857,0.24487258,-0.562336,1.0282357,-1.1105947,0.49636933
-1.2295914,-0.5368463,-0.844908,0.42461315,0.11905799,-0.6319164,-1.5431334,-0.77227575,1.1187994
-1.0537266,-1.03386,-0.7049417,0.32030204,-0.9428272,0.381546,0.7551267,0.40706584,0.6201592
-1.083855,1.2676167,1.4686809,-0.64566875,0.24477948,-1.430035,-1.0889509,0.94577587,0.4317638
1.3500206,-0.98668325,0.7129525,-1.3563484,1.4454519,-0.8120778,0.12519103,-0.3582105,0.48794562
-0.17161807,-1.3719786,-0.06910286,0.43161464,0.72822845,-1.0177406,-0.5483561,1.0908039,0.8361201
1.0310374,-0.45192602,1.4113133,0.8894163,-0.5241134,0.59039354,-0.1386556,-1.5145673,0.344336
0.46447155,1.5644276,0.8722683,0.3587285,1.5540556,0.607631,-1.2280849,1.2460916,0.8336224
0.72361064,-0.51214623,-0.19977729,0.8348124,0.5102862,-0.44552118,1.1026388,1.1969877,0.8077015
1.3000469,0.19569077,-0.16540258,0.49807215,0.29785448,0.47297147,0.6666097,-0.042968217,0.5605396
1.2730674,1.2571477,-0.95214874,-0.22820689,-0.5065138,-0.561195,0.27727848,-0.52517396,0.6323853
-1.3907512,0.7094132,1.2889194,-0.59441185,-0.6746703,-0.97260195,-0.63070726,-1.198976,0.6241251
0.2544573,-1.4484613,0.21844593,-1.156676,1.3960238,-1.0182055,0.6653011,0.47139657,0.81239116
0.34728214,1.3195525,-0.06538652,1.4898005,0.66473573,-1.0722626,1.0838395,-0.3131723,0.939669
-0.98169065,-0.47683045,-0.3686412,-1.3956254,-0.15452158,1.3458287,-1.501791,1.236333,0.76703024
-0.7334806,-0.85756755,1.5562474,-0.27423477,0.3097739,1.0413758,-0.62080806,1.2648621,0.6496375
1.0022019,1.3955303,-0.09406919,0.066354804,-1.1443288,1.367915,-1.0597544,0.49183473,0.5419563
0.3228451,-0.7958858,0.19837596,-1.3170822,0.14013875,0.35992545,0.65533155,-1.2642523,0.78533757
0.60067093,-0.81528705,-0.13892,-1.4520447,0.9113476,1.1128488,-0.32750452,0.6290471,1.0877697
0.65797853,0.32399428,-1.0809371,-1.0897932,-0.9949841,0.21129823,-0.907451,1.114715,0.56149435
-0.16542551,-1.1628257,-1.2673361,1.4861187,0.015582593,0.5867397,-0.19458453,0.93533313,0.87838924
1.5059208,0.80322737,-1.3239641,1.3978763,-0.26120162,-0.70469683,-1.2165393,0.07111528,0.91261035
1.4416395,0.23731244,1.3952904,-1.2702965,1.1292495,-1.3477008,0.59189844,1.00697,0.5778974
-1.141187,0.2076376,0.9695719,0.93170875,-0.45848894,-1.1837312,0.7355614,-1.0682887,0.49510464
0.99282205,1.0528361,1.072951,-0.53770566,0.6730569,0.48385656,-0.7788485,0.29952058,0.8324806
-1.0421154,0.44315067,1.3976814,-0.48783663,0.7817341,1.4653206,-0.7388634,-1.1707443,0.1963065
-0.80902135,1.4127114,-1.2243683,1.1192595,1.0051008,-1.275667,-1.0304139,-0.15664569,0.9528176
-0.4306346,-0.9088971,-0.25213736,0.87890875,1.3167514,-0.37343618,-0.77199936,-0.59352547,1.1605148
-0.3754945,0.799563,0.7351927,-0.8411157,-0.88211495,-0.76661503,0.62870383,1.1702383,0.59200686
-0.388555,1.3188659,0.43394428,1.5208492,-1.5461259,1.2379532,0.56157005,1.4874476,0.40822026
1.0381291,-1.1235193,0.8960662,0.331848,-1.2492741,0.075647414,0.9694117,0.9137685,0.45880505
0.3643701,-1.4297405,-0.5422127,1.172952,-0.9679615,-1.2572109,0.5189429,-1.5119778,0.5623897
-1.4047308,-0.9591107,0.5703143,0.5223319,0.97650963,-1.2186981,0.54993397,0.5873879,1.1212239
-1.328545,-0.6052384,-0.1761634,-0.8528123,0.45738515,1.3761615,-1.0166563,0.3435674,1.2056344
-0.62463486,-1.0632226,-0.323443,-0.059116963,-1.5323225,-0.5561157,-0.060952105,-1.155009,0.5696302
-0.7470832,-0.33078384,0.7371974,1.1133175,-0.23988318,-1.5003114,0.82117486,-0.7328322,0.6947821
1.1462711,1.3852462,-0.697481,0.037502673,0.30201143,0.13784727,-0.9379139,-0.37226975,1.0785131
-1.5278641,-0.9101915,0.2775103,0.76167494,-0.01943678,-0.5923645,-1.233061,0.044933423,1.039722
0.0895998,1.0611151,-0.22053719,0.31365773,1.5198493,-0.98125786,-0.97517705,-0.06873069,0.98708445
-0.26240227,1.5292162,0.196589,-1.5203947,0.36843666,-0.21875335,0.9591431,-0.57907796,1.0329385
-1.3794467,-0.43228585,1.2261333,1.5313336,-0.15114301,1.0654415,-0.4458371,-0.681892,0.46325114
-1.3637862,-1.326436,1.5212946,-1.2544916,1.2522321,-0.51915663,-0.11648984,1.1993719,0.5478767
-1.1480216,-0.98232913,-1.5491982,0.76207256,0.5555126,0.12442572,0.014429,1.4609936,1.1076553
0.801395,1.5449547,1.2418163,0.20509444,-0.32403195,-1.3668003,0.5276528,-1.4218915,0.5663456
1.1474972,-0.29813328,-0.16038395,-0.12730828,0.9329347,-1.5525557,-0.046119187,-0.5474344,0.8117586
-0.47153908,-0.77819115,-1.3845147,0.5776075,0.24271749,0.14889368,1.1406488,0.4926312,0.870446
-0.5677371,0.73910546,0.29028288,-0.05483486,-1.3783082,-0.72720116,0.77966523,1.1098835,0.71148586
0.43201688,0.2738598,-0.09874744,-0.58264637,-1.3389096,-1.3897336,-0.4890756,-0.18446925,0.7165723
-0.6630298,1.3267927,0.053270932,0.33028227,-0.51874435,-0.06973831,0.5038519,-0.052345656,0.51554143
0.65367526,1.2841293,-1.2590592,1.5108093,-1.147968,0.7837881,-0.022164205,0.78629076,0.3446324
-1.0664015,-0.52816665,-0.7491993,0.20027599,-0.47468042,-1.0746721,0.46075442,-0.23335207,1.0908598
0.34228563,-1.0074729,1.2929418,-0.57171047,-0.36187068,-0.7635751,0.18089272,-0.3181125,0.7235082
-0.88160306,0.72133166,1.3830779,0.4471415,-1.412968,0.812865,0.04728415,1.3423083,0.5577604
-0.24249004,-0.2613798,0.27330408,1.2223569,0.5174391,0.52451223,0.17427623,1.3449558,0.67078495
0.9182724,0.3805146,-0.3539084,-0.10537987,1.0949346,-0.44036886,0.39648202,-1.4853323,0.8500681
1.015714,-0.7917443,0.6429285,0.62842053,-1.2187614,1.0619687,-1.0672795,-1.5064723,0.11423503
1.1377215,-0.9280001,-0.9889095,-0.89972484,1.4834164,-0.5819382,-0.51626015,-0.9260276,1.2243525
-0.15296134,-0.6561842,1.1796229,-0.5398639,-0.23987304,-1.0961639,0.44097152,-0.41520748,0.779508
1.1743152,-0.31722316,0.65159625,-1.0558404,-1.3350315,-0.32422498,-0.003406151,-0.22810769,0.42877096
1.1111778,0.52715254,1.2923919,-1.1590713,0.36728385,-0.83961326,-1.3595651,0.14638387,0.4079975
-1.1259327,1.1350079,-1.393664,0.7491216,-0.5262216,0.6154645,0.7621082,-0.1543791,0.6823175
0.17354333,1.0481167,1.3521636,-1.5351769,-0.44671568,0.9751861,0.84690005,0.57785684,0.61824054
0.73350483,0.629068,-0.6960472,1.4178939,1.5421953,0.93269944,0.95109165,0.090406306,0.5654332
-1.2252978,-0.96119696,0.14942741,0.11630511,0.11841035,1.2548445,-0.82335526,-1.1014019,0.64100116
-0.70464855,-0.15177026,1.1048521,-0.90878505,0.83876884,-1.3229561,-1.1691782,1.2134405,0.36888686
-0.3681734,-1.4518924,-0.07370606,0.90774363,0.6148736,1.0059884,1.006195,-0.25242004,0.17025547
1.4882368,-1.5619156,-0.37764564,0.8885433,-0.25759012,1.4953431,1.3837436,-1.2888982,0.7374995
0.7619058,-0.69024634,0.29668722,0.85347164,1.1067889,0.83184814,-0.8047188,-0.9477324,0.6860805
-0.65920013,-1.3867302,1.2936893,0.52475345,-0.36412624,-0.23820396,-1.14416,-1.4187672,0.67154914
1.3095605,0.20504607,0.029601784,-0.96844256,0.5730569,-1.1116971,1.2381988,-1.4793127,0.7664671
0.23055954,-0.51831037,-0.540347,-0.66034955,-0.2470184,-0.12435535,-0.7490108,0.021789787,0.817583
0.7850499,1.3740871,0.5044089,-1.3584971,0.5274332,-0.39699146,-0.61424613,-1.5633093,0.7780339
-0.4030262,0.3699153,-0.8555949,-0.33400422,-1.3835944,1.3161523,-0.025326973,-0.7671607,0.9011248
1.5567755,-1.2358464,0.22749633,1.280176,-0.7098651,-1.2407724,-0.52800095,1.032564,0.8564485
-0.5513131,0.09781638,-0.40553984,-0.924002,-0.0055911844,0.61876386,1.4100283,-1.5528499,0.42419177
-1.4087547,0.44081572,-1.2685204,0.60336584,-1.427491,-1.1348712,-0.44432282,0.5364399,1.2647207
1.560023,-0.077728964,0.7091908,0.6513043,-1.1325577,-0.93304914,0.24419118,0.080993235,0.6219267
1.2595582,0.7089246,1.5013101,0.65894437,0.20583774,-0.56189334,0.052721962,-0.6961102,0.59005487
-0.90858495,1.0602051,1.5050054,0.90775156,1.4367074,-1.3825992,-0.76528496,-1.4399256,0.6040598
0.11644807,0.21370545,-0.767172,-0.96695983,-0.9449892,-1.0877599,-0.9207279,-0.011569977,0.6878493
0.8002655,0.80426943,0.45565006,0.83102685,1.5422426,-1.5469677,0.3340977,1.4616426,0.596614
0.8638124,1.5699102,0.1265848,-0.3279776,-0.11300671,-0.19090621,0.32903972,-0.24673147,0.9973871
-0.1008224,-0.9020054,-0.32886192,0.13617621,-0.16744438,-0.24351177,-0.0018490765,-0.045579918,1.0274773
-0.8153168,0.88442904,0.045587685,0.5711717,0.55593055,0.017864965,-0.6231728,-0.11903535,0.9917482
0.55453753,0.31268075,0.68821007,-1.0946107,0.81202585,-0.34711108,0.17248644,0.062048253,0.84463894
-0.6372584,-1.3469434,0.2201226,1.4756798,-1.400619,1.4934708,1.3999139,0.55167454,0.7521828
-0.4898777,-0.12714107,-0.43751222,1.4369957,1.4999343,-1.5202847,0.54281396,0.9566751,1.0046065
-0.13483928,1.1926281,0.3333188,0.09050052,-0.082811214,-0.4403262,-1.2030644,0.25613755,0.8624983
0.4123782,0.61679727,1.0294942,0.5850248,-1.1622742,-0.28244048,-0.38340506,0.058500696,0.63688666
-0.55860966,-1.551516,-1.5477611,1.2793531,0.99339163,-0.046254754,-1.4929448,0.6148334,0.9831895
-0.7829652,0.38524008,0.9825886,-0.9239936,0.6809143,-1.5120094,-0.9894778,0.22071134,0.37220275
-0.65433294,1.3451467,-1.4424655,-1.071493,-0.11778006,-0.8167578,0.49705783,-1.1219202,0.9681731
-0.56360066,0.69651675,-0.771839,0.8172472,-0.06682739,-1.3912334,1.0285304,-0.3560422,0.8745343
0.8184198,0.4287883,-1.1533903,-0.45113292,0.3232532,-0.10770709,1.0962996,1.4828264,0.87271994
-0.54110974,-1.404467,1.5167778,-1.203492,0.088570334,-0.43364328,-0.0052475436,1.0335517,0.7617184
1.457977,-0.11525918,-0.600048,-0.9602086,-0.1610406,0.39836317,0.040747207,1.2160164,0.85307443
0.14456977,0.91629946,-1.5059711,0.59684473,0.7569923,-0.24761035,1.0636817,1.0310363,1.0277052
-1.5616401,-1.2849647,-0.7230876,-0.68404394,-1.2863646,-0.6394476,-0.10481461,-0.8269638,0.61308306
1.3572065,-0.98983186,-1.149181,-1.0950326,-0.7652739,1.3428179,-0.45219553,1.5632222,0.5826756
-0.92922705,1.3796716,-1.536661,-0.012489759,-0.41617975,1.427137,-0.07303875,0.97485626,0.63498163
-0.09298903,-0.052082065,1.1877253,-0.19886115,-0.5122632,-0.89011747,-1.3501732,1.0840298,0.56443024
-0.70861506,-0.056890693,1.3112048,-0.3796146,0.1999708,0.06315528,0.20629603,-0.18574144,0.685615
-1.3101611,-0.83739173,-0.3693573,0.83999413,-0.18979155,-0.8637769,-0.9391941,0.67778593,1.1234787
0.44354582,-1.1338577,-0.33427677,-0.46554765,-0.092487626,-0.99625987,0.3354011,-0.1036057,1.0236208
-0.8707716,-0.09994631,0.7859885,0.3398252,-1.0670522,1.3926148,-0.058695823,0.3870363,0.25862706
-0.584256,-1.2648864,-0.4463109,1.4703931,-0.28441203,-1.5164281,-0.6461131,-0.90682405,1.1504856
0.614207,-0.9643906,1.068607,0.55459976,0.1874531,1.0811864,-0.045178305,-1.2672652,0.24267574
0.76187444,0.8488455,1.1592625,1.2851202,-1.4554342,-0.204569,1.3274451,1.3348669,0.26097202
-1.5340983,-1.5392148,-1.063395,-0.2692273,-0.6046873,-1.2970397,0.15491246,-0.57390255,1.0141749
-0.972769,0.97312444,0.06857795,0.40539634,-0.2668147,-1.2464726,-1.2222584,0.24169567,0.7451587
-0.7091604,1.2218531,-0.24564649,-1.3841397,-0.462509,-1.0475914,-1.4826275,0.3942604,0.5014779
0.071159445,-0.5613713,0.046858568,0.92542976,-0.07413731,-1.0076101,-0.94420326,-0.036137655,0.9094319
0.6807165,0.23277302,-0.33715108,0.7729543,0.89922774,0.866489,-0.82562464,0.01826061,0.9173519
-1.0201446,-0.06194052,-0.17743333,0.66640055,-0.29767126,0.11782147,-0.80413395,-1.317517,0.76369995
1.1654708,0.5142584,0.2909669,1.4822614,0.9444707,-0.8767103,-0.40066358,-1.1384686,0.80441546
-0.10450621,-1.2368375,1.4405143,-0.8986301,1.5038893,-0.7842368,0.7748008,-0.6979879,0.46113586
-0.8986519,1.1985519,1.1100094,-1.5295606,-1.020613,-1.42516,-1.1563878,-1.4995029,0.26516825
1.5592498,0.4577567,0.978556,-1.247477,-1.3704401,-1.2297906,1.2057685,0.8753301,0.31717038
0.7922824,-0.68248224,0.34772286,-0.3327127,0.8158631,-0.87262195,-1.358824,0.48819125,0.42668548
0.901273,-0.77041316,-1.5260106,0.6514159,-0.39866316,1.055632,-0.9071254,-1.2704711,0.7639898
-0.28022626,1.0360805,-0.17192878,0.87398416,-1.3473212,1.3273064,0.9221095,0.69687897,0.5928855
0.6252907,0.30308264,0.6340734,-0.046159603,-0.4472269,1.3148783,-0.8506897,-0.23229577,0.5784162
1.1384017,-0.6079948,1.4756294,0.5823732,-0.73013026,0.21152683,0.665981,-0.41387764,0.38260758
